id,name,url,regular_price,promo_price,brand
521168,Ростбиф Мираторг говяжий,https://online.metro-cc.ru/products/rostbif-govyazhij-miratorg,1089,,МИРАТОРГ
117223,METRO Chef Шея свиная бескостная охлажденная,https://online.metro-cc.ru/products/sheya-beskostnaya-metro-chef,531,559,METRO CHEF
518059,Вырезка Мираторг говяжья из лопатки охлажденная,https://online.metro-cc.ru/products/vyrezka-iz-lopatki-miratorg,1099,,МИРАТОРГ
611510,Шея говяжья Мираторг,https://online.metro-cc.ru/products/sheya-govyazhya-vakuumnaya-upakovka,679,,МИРАТОРГ
635635,Лопатка Orenbeef говяжья охлажденная,https://online.metro-cc.ru/products/lopatka-govyazhya-orenbeef-635635,659,,ORENBEEF
521167,Оковалок Мираторг говяжий охлажденный,https://online.metro-cc.ru/products/okovalok-govyazhij-vakuumnaya-upakovka-miratorg,959,,МИРАТОРГ
104455,"Вырезка говяжья Эколь Халяль охлажденная, ~1кг",https://online.metro-cc.ru/products/vyrezka-iz-halyal-vakuumnaya-upakovka-ekol,1499,1899,ЭКОЛЬ
117229,"METRO Chef Эскалоп свиной охлажденный, ~600г",https://online.metro-cc.ru/products/karbonad-svinoj-beskostnyj-metro-chef,499,519,METRO CHEF
611026,"Стейк Мираторг Рамп говяжий Black Angus, 480г",https://online.metro-cc.ru/products/ramp-stejk-miratorg-skin-480g,739,,МИРАТОРГ
518928,"Мякоть лопатки Заречное из говядины, ~600г",https://online.metro-cc.ru/products/myakot-lopatki-zarechnoe,1289,,ЗАРЕЧНОЕ
521157,Мускул глазной Мираторг говяжий,https://online.metro-cc.ru/products/glaznoj-muskul-govyazhij-521157,839,,МИРАТОРГ
575410,Мякоть боковой части бедра говяжья Заречное,https://online.metro-cc.ru/products/myakot-bokovoj-chasti-bedra-vakuumnaya-upakovka-zarechnoe,969,,ЗАРЕЧНОЕ
82939,"Стейк Мираторг Стриплойн говяжий охлажденный, 320г",https://online.metro-cc.ru/products/stejk-govyazhij-miratorg-striplojn-320g-82939,699,899,МИРАТОРГ
121541,"Азу из говядины Мясо есть! Халяль охлажденное, 400г",https://online.metro-cc.ru/products/400g-azu-myaso-est-iz-halyal-ohl-gvu,499,,МЯСО ЕСТЬ!
662591,Голяшка РМ говяжья охлажденная,https://online.metro-cc.ru/products/golyashka-rm-govyazhya,589,,РМ
573745,"Филе бедра Мираторг говяжье Пиканья охлажденное, ~2кг",https://online.metro-cc.ru/products/file-bedra-miratorg-pikanya-govyazhye,1149,,МИРАТОРГ
218233,"METRO Chef Гуляш из свинины, ~600г",https://online.metro-cc.ru/products/600g-gulyash-iz-svininy-metro-chef-ohl,444,499,METRO CHEF
577536,Подлопаточная часть Заречное говяжья,https://online.metro-cc.ru/products/podlopatochnaya-chast-govyazhya-vakuumnaya-upakovka-zarechnoe,849,,ЗАРЕЧНОЕ
207139,"Стейк Мираторг баффало Black Angus охлажденный, 300г",https://online.metro-cc.ru/products/300g-steyk-baffalo-miratorg-black-angus-ohl-vu,459,,МИРАТОРГ
79633,"Ребрышки Черкизово свиные классические, ~1.1кг",https://online.metro-cc.ru/products/rebryshki-svinye-delikatesnye-cherkizovo-11kg-79633,419,499,ЧЕРКИЗОВО
662594,Вырезка РМ говяжья охлажденная,https://online.metro-cc.ru/products/vyrezka-rm-govyazhya,1599,,РМ
658362,"Стейк Мираторг Пиканья skin из говядины, 325г",https://online.metro-cc.ru/products/stejk-pikanya-govyazhij-skin-miratorg-325g,499,,МИРАТОРГ
639771,"Стейк Мираторг Бавет из мраморной говядины охлажденный, 310г",https://online.metro-cc.ru/products/stejk-iz-mramornoj-miratorg-bavet-310-g,739,,МИРАТОРГ
605950,"Бекон Мираторг Любительский свиной, 260г",https://online.metro-cc.ru/products/bekon-svinoj-lyubitelskij-260g,146,165,МИРАТОРГ
575416,"Грудинка Заречное говяжья без кости, ~1.35кг",https://online.metro-cc.ru/products/grudinka-govyazhya-bez-kosti-vakuumnaya-upakovka-zarechnoe,799,,ЗАРЕЧНОЕ
637420,"Стейк Мираторг Black Angus Денвер говяжий охлажденный, 290г",https://online.metro-cc.ru/products/stejk-govyazhij-miratorg-denver-290g,999,,МИРАТОРГ
135846,"Стейк Мираторг Matured Beef Стриплойн охлажденный, 250г",https://online.metro-cc.ru/products/steyk-matured-striployn-ohlazhdennyy-250g,519,,МИРАТОРГ
118362,"Огузок говяжий Эколь Халяль охлажденный, 400г",https://online.metro-cc.ru/products/400-g-oguzok-govyazhij-ekol-ohl-gaz-halyal,379,439,ЭКОЛЬ
662585,Часть отруба РМ говяжья внутренняя тазобедренная часть охлажденная,https://online.metro-cc.ru/products/chast-vnutrennyaya-tazobedrennogo-otruba-govyazhya-rm,719,,РМ
135845,"Стейк Мираторг Matured Beef Рибай охлажденный, 250г",https://online.metro-cc.ru/products/steyk-matured-ribay-ohlazhdennyy-250g,639,,МИРАТОРГ
60807,"Фитнес стейк Мираторг из телятины WrC охлажденный, 350г",https://online.metro-cc.ru/products/fitnes-stejk-iz-miratorg-wrc-350g,629,,МИРАТОРГ
603093,"Ребрышки Останкино свиные охлажденные, ~1.75кг",https://online.metro-cc.ru/products/art_603093,328,369,ОСТАНКИНО
110726,"Ребра Мясники Кальби говяжьи нерезаные охлажденные, ~1.9кг",https://online.metro-cc.ru/products/rebra-kalbi-nerezannye-ohlazhdennye-myasniki-v-vakuumnoj-upakovke,999,,МЯСНИКИ
219947,"Стейк из мраморной говядины Мираторг Black Angus Чак ролл, 200г",https://online.metro-cc.ru/products/200g-steyk-chak-roll-black-angus-miratorg-ohl-vu,319,,МИРАТОРГ
545837,Вырезка Камский бекон свиная охлажденная,https://online.metro-cc.ru/products/vyrezka-kamskij-bekon-vakuum,418,429,КАМСКИЙ БЕКОН
219917,"Стейк из мраморной говядины Мираторг Black Angus Рамп, 200г",https://online.metro-cc.ru/products/200g-steyk-ramp-black-angus-miratorg-ohl-vu,299,,МИРАТОРГ
132163,METRO Chef Телятина фермерская для бульона охлажденная,https://online.metro-cc.ru/products/telyatina-fermerskaya-metro-chef-d-bulon-ohl-gaz,779,,METRO CHEF
54812,"Набор суповой Мясо есть! говяжий охлажденный, 400г",https://online.metro-cc.ru/products/supovoj-nabor-govyazhij-myaso-est-400-g,209,,МЯСО ЕСТЬ!
122746,"Шейка баранья Эколь Халяль охлажденная, 400г",https://online.metro-cc.ru/products/shejka-ekol-v-lotke-400-g,279,,ЭКОЛЬ
662580,Грудинка РМ говяжья охлажденная,https://online.metro-cc.ru/products/grudinka-rm-agro-govyazhya,589,,РМ
545838,Карбонад Камский бекон свиной охлажденный,https://online.metro-cc.ru/products/karbonad-svinoj-vakuumnaya-upakovka-kamskij-bekon,378,389,КАМСКИЙ БЕКОН
203298,"Поджарка говяжья Эколь Халяль охлажденная, 400г",https://online.metro-cc.ru/products/400g-podzharka-govyazhya-ekol-ohl-lotok,449,,ЭКОЛЬ
132166,METRO Chef Шницель телятина фермерская охлажденный,https://online.metro-cc.ru/products/shnicel-telyatina-fermerskaya-metro-chef-ohl-gaz,1199,,METRO CHEF
125930,"Рулька Черкизово свиная охлажденная, ~1.2кг",https://online.metro-cc.ru/products/rulka-cherkizovo-tf-ohl-vu,227,239,ЧЕРКИЗОВО
545841,Лопатка Камский бекон свиная бескостная охлажденная,https://online.metro-cc.ru/products/lopatka-beskostnaya-kamskij-bekon,309,319,КАМСКИЙ БЕКОН
545836,"Шейка свиная Сосновоборская охлажденная, ~1кг",https://online.metro-cc.ru/products/shejka-vakuumnaya-upakovka,488,539,СОСНОВОБОРСКАЯ
548881,"Жиго баранины на кости Мясо есть! Халяль охлажденное, ~1.8кг",https://online.metro-cc.ru/products/zhigo-na-kosti-halyal-vakuumnaya-upakovka,1249,,МЯСО ЕСТЬ!
305601,"Грудинка Останкино свиная без кости крупный кусок, ~900г",https://online.metro-cc.ru/products/grudinka-bez-kosti-krupnyj-kusok-vakuumnaya-upakovka-ostankino,531,559,ОСТАНКИНО
212532,"Часть лопаточная говяжья Orenbeef зернового откорма, ~2.7кг",https://online.metro-cc.ru/products/27kg-lopatochnaya-chast-gov-orenbeef-ohl-zern-otkorm,819,,ORENBEEF
98002,Ножки кролика Кролъ и К в маринаде охлажденные,https://online.metro-cc.ru/products/nozhki-k-v-marinade-1-kg,859,,КРОЛЪ И К
106346,"Мякоть шеи Primebeef охлажденная, 700г",https://online.metro-cc.ru/products/myakot-shei-prajmbif-700g,879,,PRIMEBEEF
662588,Оковалок РМ говяжий охлажденный,https://online.metro-cc.ru/products/okovalok-rm-govyazhij-rm,729,,РМ
106351,"Стейк Primebeef Яблочко из говядины охлажденный, 400г",https://online.metro-cc.ru/products/stejk-yablochko-iz-prajmbif-v-vakuumnoj-upakovke-400,799,,PRIMEBEEF
118361,"Набор из говядины для супа Эколь Халяль охлажденный, 400г",https://online.metro-cc.ru/products/400-g-supovoj-nabor-govyazhij-ekol-ohl-gaz-halyal,149,,ЭКОЛЬ
118366,"Говядина Эколь Халяль для студня охлажденная, 400г",https://online.metro-cc.ru/products/400-g-dlya-studnya-ekol-ohl-gaz-halyal,269,,ЭКОЛЬ
548906,"Корейка Мясо есть! баранья 8 ребер охлажденная, ~500г",https://online.metro-cc.ru/products/korejka-8-reber-vakuumnaya-upakovka-myaso-est,1999,2299,МЯСО ЕСТЬ!
121542,"Лопатка говяжья Мясо есть! Халяль охлажденная, 400г",https://online.metro-cc.ru/products/400g-lopatka-myaso-est-govyazhya-halyal-ohl-gvu,349,,МЯСО ЕСТЬ!
119442,"Стейк Мясо есть! Рибай Skin из говядины охлажденный, 320г",https://online.metro-cc.ru/products/320g-stejk-myaso-est-ribaj-ohl-skin,759,,МЯСО ЕСТЬ!
548885,"Окорок Мясо есть! бараний без кости охлажденный, ~800г",https://online.metro-cc.ru/products/okorok-bez-kozhi-vakuumnaya-upakovka-myaso-est,1259,1399,МЯСО ЕСТЬ!
662589,Лопатка РМ говяжья охлажденная,https://online.metro-cc.ru/products/lopatka-govyazhya-rm,639,,РМ
4653,"Лопатка Мясо есть! баранья без кожи, ~800г",https://online.metro-cc.ru/products/lopatka-bez-kozhi-v-setke-vakuumnaya-upakovka-myaso-est,1099,1199,МЯСО ЕСТЬ!
121468,"Стейк Веско Фленк из говядины охлажденный, 250г",https://online.metro-cc.ru/products/250g-stejk-flenk-vesko-ohl,389,,ВЕСКО
662592,Шея говяжья РМ охлажденная,https://online.metro-cc.ru/products/sheya-rm-govyazhya,629,,РМ
118370,"Гуляш из баранины Эколь Халяль охлажденный, 400г",https://online.metro-cc.ru/products/400-g-gulyash-iz-ekol-ohl-lotok,509,,ЭКОЛЬ
132162,METRO Chef Мякоть бедра телятина фермерская охлажденная,https://online.metro-cc.ru/products/myakot-bedra-telyatina-fermerskaya-metro-chef-ohl-gaz,1159,,METRO CHEF
132161,METRO Chef Лопатка телятина фермерская без кости охлажденная,https://online.metro-cc.ru/products/lopatka-b-k-telyatina-fermerskaya-metro-chef-ohl-gaz,1019,,METRO CHEF
140840,"Стейк рибай Родные места Prime охлажденный, 320г",https://online.metro-cc.ru/products/320g-steyk-ribay-rodnye-mesta-prime-ohl,560,,РОДНЫЕ МЕСТА
85805,"Грудинка баранья Эколь Халяль охлажденная, 400г",https://online.metro-cc.ru/products/grudinka-ekol-400-g,199,,ЭКОЛЬ
32302,Шейка свиная Йола мраморная охлажденная,https://online.metro-cc.ru/products/shejka-mramornaya-jola,474,498,ЙОЛА
545843,Рулька Камский бекон свиная на кости охлажденная,https://online.metro-cc.ru/products/rulka-na-kosti-vakuumnaya-upakovka-kamskij-bekon,189,199,КАМСКИЙ БЕКОН
130139,"Шницель из говядины РМ охлажденный, 400г",https://online.metro-cc.ru/products/shnicel-iz-rm-agro-ohlazhdennyj-400g,399,,РМ
130300,"Стейк свиной Сосновоборская Барбекю на кости охлажденный, 400г",https://online.metro-cc.ru/products/stejk-svinoj-barbekyu-na-kost-sosnovoborskij-ohlazhdennyj-400g,236,249,СОСНОВОБОРСКАЯ
101581,Отруб спино-поясничный Любослава свиной без кости охлажденный,https://online.metro-cc.ru/products/otrub-svinoj-spino-poyasnichnyj-bez-kozhi-ohlazhdennyj-rm-v-vakuumnoj-upakovke,338,359,ЛЮБОСЛАВА
131356,"Тазобедренная часть говяжья Вахавяк Плюс без кости охлажденная, ~4кг",https://online.metro-cc.ru/products/tazobedrennaya-chast-b-k-ohl-v-u,649,,ВАХАВЯК ПЛЮС
97482,"Корейка Черкизово свиная на кости охлажденная, ~5.5кг",https://online.metro-cc.ru/products/korejka-na-kosti-cherkizovo-vakuumnaya-upakovka,339,359,Без бренда
642233,Карбонад Слово мясника свиной без кожи охлажденный,https://online.metro-cc.ru/products/karbonad-svinoj-bez-kozhi-slovo-myasnika,339,379,СЛОВО МЯСНИКА
214310,"Вырезка Останкино свиная охлажденная, ~1кг",https://online.metro-cc.ru/products/1kg-vyrezka-svinaya-ostankino-ohl-vu,499,559,ОСТАНКИНО
662246,"Стейк Мираторг Рибай скин из говядины охлажденный, 500г",https://online.metro-cc.ru/products/stejk-miratorg-ribaj-skin-500g,999,,МИРАТОРГ
637632,"Блейд Мираторг из телятины охлажденный, ~1.5кг",https://online.metro-cc.ru/products/blejd-iz-vakuumnaya-upakovka-miratorg,1169,,МИРАТОРГ
658363,"Стейк Мираторг Prime Рибай из мраморной говядины охлажденный, 390г",https://online.metro-cc.ru/products/stejk-miratorg-ribaj-prime-390g,2519,,МИРАТОРГ
40516,"Окорок Черкизово свиной охлажденный, ~9.75кг",https://online.metro-cc.ru/products/okorok-svinoj-cherkizovo-40516,349,369,ЧЕРКИЗОВО
40568,"Шейка свиная Черкизово охлажденная, ~1.1кг",https://online.metro-cc.ru/products/shejka-svinaya-cherkizovo-40568,549,599,ЧЕРКИЗОВО
118364,"Говядина духовая Эколь Халяль охлажденная, 400г",https://online.metro-cc.ru/products/400-g-duhovaya-ekol-ohl-gaz-halyal,349,409,ЭКОЛЬ
40556,Лопатка Черкизово свиная,https://online.metro-cc.ru/products/lopatka-cherkizovo,328,369,ЧЕРКИЗОВО
558049,"Ребрышки Останкино свиные барбекю крупные куски охлажденные, ~880г",https://online.metro-cc.ru/products/rebryshki-barbekyu-krupnye-kuski-vakuumnaya-upakovka-ostankino,328,369,ОСТАНКИНО
60033,"Стейк Мираторг Tender pork из свиной шейки мраморный охлажденный, 280г",https://online.metro-cc.ru/products/stejk-iz-svinoj-shejki-miratorg-tender-pork-mramornyj-280g-60033,179,189,МИРАТОРГ
118365,"Ребрышки говяжьи Эколь Халяль охлажденные, 400г",https://online.metro-cc.ru/products/400-g-rebryshki-govyazhyi-ekol-ohl-gaz-halyal,239,,ЭКОЛЬ
658505,Шея говяжья Мясной удар мелкий кусок охлажденная,https://online.metro-cc.ru/products/shejka-udar-melkij-kusok,670,,МЯСНОЙ УДАР
521166,"Мякоть бедра Мираторг говяжья охлажденная, ~600г",https://online.metro-cc.ru/products/myakot-bedra-govyazhya-vakuumnaya-upakovka,999,1159,МИРАТОРГ
203297,"Бефстроганов говяжий Эколь Халяль охлажденный, 400г",https://online.metro-cc.ru/products/400g-befstroganov-govyazhiy-ekol-ohl-lotok,419,489,ЭКОЛЬ
219698,"Мякоть говяжьей лопаточной части Мясо есть! без кости охлажденная, 600г",https://online.metro-cc.ru/products/600g-myakot-lopatochnoy-chasti-myaso-est-bk-ohl-vu,519,579,МЯСО ЕСТЬ!
305581,"Шейка свиная Останкино нарезанная охлажденная, ~1.22кг",https://online.metro-cc.ru/products/shejka-ostankino-narezannaya,586,659,ОСТАНКИНО
118367,"Азу из говядины Эколь Халяль охлажденное, 400г",https://online.metro-cc.ru/products/400-g-azu-govyazhye-ekol-ohl-gaz-halyal,429,,ЭКОЛЬ
642287,"Шейка свиная Слово мясника охлажденная, ~1кг",https://online.metro-cc.ru/products/sheya,436,569,СЛОВО МЯСНИКА
611036,"Стейк Мираторг Prime Skin Стриплойн из мраморной говядины, 640г",https://online.metro-cc.ru/products/stejk-striplojn-miratorg-prime-skin-640g,2399,,МИРАТОРГ
633333,"Карпаччо Мираторг из мраморной говядины, 90г",https://online.metro-cc.ru/products/karpachcho-miratorg-iz-mramornoj-govyadiny-90g,149,189,МИРАТОРГ
312728,"Ребра Останкино свиные крупный кусок, ~2.05кг",https://online.metro-cc.ru/products/rebra-svinye-krupnyj-kusok-vakuumnaya-upakovka-312728,444,499,ОСТАНКИНО
98009,"Тушка Кролъ и К кролика охлажденная, ~1.2кг",https://online.metro-cc.ru/products/tushka-1-kg,669,,КРОЛЪ И К
98007,"Ножки кролика Кролъ и К охлажденные, ~600г",https://online.metro-cc.ru/products/nozhki-1-kg,819,,КРОЛЪ И К
98350,"Стейк Мясо есть! Чак Ролл из говядины охлажденный, 300г",https://online.metro-cc.ru/products/stejk-chak-roll-myaso-est-govyazhij-300-g,409,459,МЯСО ЕСТЬ!
101571,Шейка Любослава свиная охлажденная,https://online.metro-cc.ru/products/shejka-svinaya-ohlazhdennaya-rm-v-vakuumnoj-upakovke,429,489,ЛЮБОСЛАВА
101558,Вырезка Любослава свиная охлажденная,https://online.metro-cc.ru/products/vyrezka-svinaya-ohlazhdennaya-rm-v-vakuumnoj-upakovke,398,409,ЛЮБОСЛАВА
628352,Вырезка Мираторг телячья из лопатки,https://online.metro-cc.ru/products/vyrezka-iz-lopatki-iz-v-u,1199,,МИРАТОРГ
132610,Ребрышки барбекю Мираторг охлажденные,https://online.metro-cc.ru/products/rebryshki-barbekyu-miratorg-ohlazhdennye,549,649,МИРАТОРГ
628354,"Голяшка Мираторг телячья, ~500г",https://online.metro-cc.ru/products/golyashka-iz-miratorg,1039,,МИРАТОРГ
110604,"Стейк Черкизово Чалагач из свинины на кости охлажденный, 350г",https://online.metro-cc.ru/products/stejk-na-kosti-chalagach-ohlazhdennyj-cherkizovo-350g,209,239,ЧЕРКИЗОВО
207140,"Стейк Мираторг бразильский Black Angus охлажденный, 420г",https://online.metro-cc.ru/products/420g-cteyk-brazilskiy-mirotorg-black-angus-ohl-vu,669,,МИРАТОРГ
118127,"Лопатка Мясо есть! Халяль баранья на кости охлажденная, 400г",https://online.metro-cc.ru/products/400g-lopatka-myaso-est-na-kosti-ohl-lotok,349,399,МЯСО ЕСТЬ!
106352,"Стейк Primebeef Рамп из говядины охлажденный, 400г",https://online.metro-cc.ru/products/stejk-ramp-iz-prajmbif-v-vakuumnoj-upakovke-400-g,579,,PRIMEBEEF
590718,"Говядина Заречное Чак ролл, ~1.17кг",https://online.metro-cc.ru/products/chak-roll-govyazhij-vakuumnaya-upakovka,1199,,ЗАРЕЧНОЕ
8762,"Стейк Мясо есть! Филе-миньон Skin говяжий, 300г",https://online.metro-cc.ru/products/stejk-file-minon-govyazhij-skin-myaso-est-300-g,869,,МЯСО ЕСТЬ!
207150,"Карпаччо Мираторг из телятины охлажденное, 100г",https://online.metro-cc.ru/products/100g-karpachcho-iz-telyatiny-miratorg-ohl-vu,189,,МИРАТОРГ
122744,"Корейка из баранины Эколь Халяль охлажденная, 400г",https://online.metro-cc.ru/products/korejka-iz-ekol-v-lotke-400-g,679,779,ЭКОЛЬ
577537,"Мускул глазной Заречное говяжий, ~800г",https://online.metro-cc.ru/products/glaznoj-muskul-govyazhij-vakuumnaya-upakovka-zarechnoe,899,,ЗАРЕЧНОЕ
98354,"Вырезка Мясо есть! из баранины охлажденная, 300г",https://online.metro-cc.ru/products/vyrezka-myaso-est-iz-300-g,729,,МЯСО ЕСТЬ!
79634,"Ребрышки Черкизово из корейки свиные, ~600г",https://online.metro-cc.ru/products/rebryshki-iz-korejki-svinye-cherkizovo-79634,461,519,ЧЕРКИЗОВО
545840,Ребрышки Камский бекон свиные охлажденные,https://online.metro-cc.ru/products/rebryshki-svinye-vakuumnaya-upakovka-kamskij-bekon,329,339,КАМСКИЙ БЕКОН
667616,Грудинка Мираторг Брискет говяжья охлажденная,https://online.metro-cc.ru/products/grudinka-brisket-govyazhya-vakuumnaya-upakovka-miratorg,979,,МИРАТОРГ
130138,"Азу из говядины РМ охлажденное, 300г",https://online.metro-cc.ru/products/azu-iz-rm-agro-ohlazhdennyj-skin-300g,349,,РМ
130301,"Стейк свиной Сосновоборская Сочный охлажденный, 400г",https://online.metro-cc.ru/products/stejk-svinoj-sochnyj-sosnovoborskij-ohlazhdennyj-400g,227,239,СОСНОВОБОРСКАЯ
116522,"Стейк Мясо есть! Стриплойн из говядины в маринаде охлажденный, 200г",https://online.metro-cc.ru/products/200g-stejk-striplojn-myaso-est-v-marinade-ohl-v-u,349,389,МЯСО ЕСТЬ!
131580,"Котлета для бургера говяжья РМ охлажденная, 390г",https://online.metro-cc.ru/products/390g-kotleta-dlya-burgera-gov-rm-ohl-mgs,219,,РМ
521158,"Покромка Мираторг говяжья охлажденная, ~900г",https://online.metro-cc.ru/products/pokromka-govyazhya-v-u-miratorg,1249,,МИРАТОРГ
621634,Чак ролл Tacuarembo говяжий охлажденный Уругвай,https://online.metro-cc.ru/products/tacuarembo-chak-roll,999,,TACUAREMBO
328747,"Шейка свиная Мираторг без кости охлажденная, ~2.7кг",https://online.metro-cc.ru/products/shejka-bez-kosti-vakuumnaya-upakovka-miratorg,Раскупили,,МИРАТОРГ
347636,"Вырезка Мираторг свиная охлажденная, ~2.51кг",https://online.metro-cc.ru/products/vyrezka-vakuumnaya-upakovka-miratorg,Раскупили,,МИРАТОРГ
328743,"Лопатка Мираторг свиная без рульки охлажденная, ~5.77кг",https://online.metro-cc.ru/products/lopatka-bez-rulki-vakuumnaya-upakovka-miratorg,Раскупили,,МИРАТОРГ
328742,"Карбонад Мираторг свиной без кости охлажденный, ~2.16кг",https://online.metro-cc.ru/products/karbonad-svinoj-bez-kozhi-vakuumnaya-upakovka-miratorg,Раскупили,,МИРАТОРГ
97479,"Окорок свиной без кости охлажденный, ~9.5кг",https://online.metro-cc.ru/products/okorok-svinoj-bez-kosti-1-kg,Раскупили,,Без бренда
642231,Окорок Слово мясника свиной охлажденный,https://online.metro-cc.ru/products/okorok-svinoj-slovo-myasnika,Раскупили,,СЛОВО МЯСНИКА
97478,"Шейка свиная Черкизово без кости охлажденная, ~3кг",https://online.metro-cc.ru/products/shejka-1-kg,Раскупили,,ЧЕРКИЗОВО
328746,Ребрышки Мираторг Деликатесные свиные охлажденные,https://online.metro-cc.ru/products/rebryshki-svinye-delikatesnye-miratorg,Раскупили,,МИРАТОРГ
635632,Филе говяжье Orenbeef из лопатки охлажденное,https://online.metro-cc.ru/products/filej-lopatochnoj-chasti-govyazhya-orenbeef,Раскупили,,ORENBEEF
97503,"Мякоть Мираторг телятины для тушения охлажденная, 600г",https://online.metro-cc.ru/products/myakot-miratorg-dlya-tusheniya-600-g,Раскупили,,МИРАТОРГ
89222,Голяшка Мираторг говяжья без кости охлажденная,https://online.metro-cc.ru/products/golyashka-govyazhya-bez-kosti-miratorg-89222,Раскупили,,МИРАТОРГ
635072,"Шейка свиная Атяшево охлажденная, ~7кг",https://online.metro-cc.ru/products/shejka-vakuumnaya-upakovka-atyashevo,Раскупили,,АТЯШЕВО
530547,Вырезка Мираторг Prime,https://online.metro-cc.ru/products/vyrezka-zachischennaya-prime-miratorg,Раскупили,,МИРАТОРГ
530545,Край толстый Мираторг Prime говяжий зачищенный,https://online.metro-cc.ru/products/prime-tolstyj-kraj-zachischennaya-miratorg,Раскупили,,МИРАТОРГ
658994,"Стейк Мираторг Рибай говяжий охлажденный, 320г",https://online.metro-cc.ru/products/stejk-ribaj-iz-mramornoj-miratorg-320g,Раскупили,,МИРАТОРГ
97481,Лопатка Черкизово свиная без кости охлажденная,https://online.metro-cc.ru/products/lopatka-bez-kosti-cherkizovo-vakuumnaya-upakovka,Раскупили,,ЧЕРКИЗОВО
637421,"Стейк Мираторг Чак Ролл говяжий охлажденный, 570г",https://online.metro-cc.ru/products/stejk-govyazhij-chak-roll-miratorg-570g,Раскупили,,МИРАТОРГ
575398,"Мякоть лопатки Заречное говяжья, ~950г",https://online.metro-cc.ru/products/myakot-lopatki-govyazhya-vakuumnaya-upakovka-zarechnoe,Раскупили,,ЗАРЕЧНОЕ
510350,"Передняя часть лопатки Заречное говяжья, ~680г",https://online.metro-cc.ru/products/file-lopatki-govyazhye,Раскупили,,ЗАРЕЧНОЕ
667702,"Мякоть лопатки Мираторг говяжья охлажденная, 800г",https://online.metro-cc.ru/products/myakot-lopatki-govyazhya-800g,Раскупили,,МИРАТОРГ
662852,"Стейк Мираторг Минутка говяжий охлажденный, 190г",https://online.metro-cc.ru/products/stejk-miratorg-minutka-190g,Раскупили,,МИРАТОРГ
627783,Ребрышки Мираторг свиные,https://online.metro-cc.ru/products/rebryshki-svinye-vakuumnaya-upakovka,Раскупили,,МИРАТОРГ
575411,"Мякоть шеи Заречное говяжья, ~1кг",https://online.metro-cc.ru/products/myakot-shei-govyazhya-vakuumnaya-upakovka-zarechnoe,Раскупили,,ЗАРЕЧНОЕ
575968,Говядина Мираторг Чак ролл,https://online.metro-cc.ru/products/chak-roll-govyazhij-miratorg,Раскупили,,МИРАТОРГ
628364,Вырезка Мираторг из телятины незачищенная,https://online.metro-cc.ru/products/vyrezka-iz-nezachischennaya-vakuumnaya-upakovka,Раскупили,,МИРАТОРГ
104884,"Филе кролика Кролъ и К охлажденное, 500г",https://online.metro-cc.ru/products/file-k-500g,Раскупили,,КРОЛЪ И К
135835,"Вырезка говяжья Мираторг Matured Beef с цепочкой без кости, ~1кг",https://online.metro-cc.ru/products/vyrezka-govyazhya-matured-s-tsepochkoy-bez-kosti-1kg,Раскупили,,МИРАТОРГ
106362,"Стейк Primebeef Минутка из говядины охлажденный, 400г",https://online.metro-cc.ru/products/stejk-minutka-iz-prajmbif-v-vakuumnoj-upakovke-400-g,Раскупили,,PRIMEBEEF
588428,"Край тонкий Заречное Top Choice говяжий, ~1.4кг",https://online.metro-cc.ru/products/tonkij-kraj-govyazhij-top-choice-zarechnoe-vakuumnaya-upakovka,Раскупили,,ЗАРЕЧНОЕ
132164,METRO Chef Край филейный телятина фермерская охлажденный,https://online.metro-cc.ru/products/filejnkraj-telyatina-fermerskaya-metro-chef-ohl-gaz,Раскупили,,METRO CHEF
40563,Карбонад Черкизово свиной охлажденный,https://online.metro-cc.ru/products/karbonad-svinoj-cherkizovo-09-11kg-40563,Раскупили,,ЧЕРКИЗОВО
95973,Стейк Мираторг Black Angus Томагавк из говядины охлажденный,https://online.metro-cc.ru/products/stejk-tomagavk-miratorg-black-angus-v-vakuumnoj-upakovke-95973,Раскупили,,МИРАТОРГ
588419,"Вырезка Primebeef Top Choice говяжья охлажденная, ~1.3кг",https://online.metro-cc.ru/products/vyrezka-govyazhya-ekstra-top-choice-zarechnoe,Раскупили,,PRIMEBEEF
116739,"Cтейк Мираторг Филе-миньон из телятины охлажденный, 210г",https://online.metro-cc.ru/products/210g-stejk-file-minon-miratorg-iz-ohl-v-u,Раскупили,,МИРАТОРГ
117171,"Голяшка Мираторг по-милански говяжья для запекания охлажденная, ~1.7кг",https://online.metro-cc.ru/products/govyazhya-golen-po-milanski-dlya-zapekaniya-miratorg-18kg,Раскупили,,МИРАТОРГ
590714,"Мякоть внутренней части бедра Заречное говяжья, ~1.26кг",https://online.metro-cc.ru/products/myakot-vnutrennej-chasti-bedra-zarechnoe-v-u,Раскупили,,ЗАРЕЧНОЕ
135848,"Стейк Мираторг Matured Beef Топ Блейд Skin охлажденный, 450г",https://online.metro-cc.ru/products/steyk-matured-top-bleyd-skin-ohlazhdennyy-250g,Раскупили,,МИРАТОРГ
575419,"Голяшка Заречное говяжья, ~800г",https://online.metro-cc.ru/products/golyashka-govyazhya-vakuumnaya-upakovka-zarechnoe,Раскупили,,ЗАРЕЧНОЕ
640573,Ребрышки Мираторг свиные классические,https://online.metro-cc.ru/products/rebryshki-svinye-klassicheskie-miratorg,Раскупили,,МИРАТОРГ
207142,"Ребрышки Мираторг свиные охлажденные, ~1.3кг",https://online.metro-cc.ru/products/13kg-rebryshki-svinye-miratorg-ohl-vu,Раскупили,,МИРАТОРГ
117221,"METRO Chef Котлета свиная охлажденная, ~600г",https://online.metro-cc.ru/products/korejka-na-kosti-metro-chef,Раскупили,,METRO CHEF
120874,Гуляш Филье Проперти из свинины охлажденный,https://online.metro-cc.ru/products/gulyash-filye-properti-iz-ohl-lotok,Раскупили,,ФИЛЬЕ ПРОПЕРТИ
119443,"Говядина Мясо есть! для бульона охлажденная, 400г",https://online.metro-cc.ru/products/400g-myaso-est-d-bulona-ohl-lotok,Раскупили,,МЯСО ЕСТЬ!
628360,Корейка Мираторг из телятины на ребрах зачищенная охлажденная,https://online.metro-cc.ru/products/korejka-iz-na-rebrah-zachischennaya-vakuumnaya-upakovka-miratorg,Раскупили,,МИРАТОРГ
60804,"Стейк Мираторг из телячьей печени нежный охлажденный, 450г",https://online.metro-cc.ru/products/stejk-iz-telyachyej-pecheni-miratorg-nezhnyj-450g-60804,Раскупили,,МИРАТОРГ
654467,"Стейк Primebeef Рибай из мраморной говядины охлажденный, 400г",https://online.metro-cc.ru/products/stejk-prajmbif-ribaj-govyazhij-mramornyj-400-g,Раскупили,,PRIMEBEEF
635620,Часть верхняя Orenbeef говяжья охлажденная,https://online.metro-cc.ru/products/verhnyaya-chast-govyazhya-orenbeef,Раскупили,,ORENBEEF
565627,"Ребра Заречное говяжьи охлажденные, ~500г",https://online.metro-cc.ru/products/rebra-govyazhyi-vakuumnaya-upakovka-zarechnoe,Раскупили,,ЗАРЕЧНОЕ
548539,Край толстый Мираторг Choice говяжий без кости зачищенный,https://online.metro-cc.ru/products/tolstyj-kraj-choice-bez-kosti-zachischennyj-v-vakuumnoj-upakovke,Раскупили,,МИРАТОРГ
616835,Вырезка Мираторг Choice говяжья,https://online.metro-cc.ru/products/vyrezka-govyazhya-choice-vakuumnaya-upakovka-miratorg,Раскупили,,МИРАТОРГ
575969,Диафрагма Мираторг говяжья тонкая внутренняя,https://online.metro-cc.ru/products/diafragma-govyazhya-tonkaya-vnutrennyaya,Раскупили,,МИРАТОРГ
8750,"Стейк Мясо есть! Рибай говяжий, 250г",https://online.metro-cc.ru/products/stejk-ribaj-myaso-est-govyazhij-250g,Раскупили,,МЯСО ЕСТЬ!
658500,Голяшка задняя Мясной удар говяжья мелкий кусок охлажденная,https://online.metro-cc.ru/products/zadnyaya-golyashka-govyazhya-melkij-kusok-vakuumnaya-upakovka-udar,Раскупили,,МЯСНОЙ УДАР
78671,Внешняя часть бедра Мираторг Black Angus говяжья охлажденная,https://online.metro-cc.ru/products/4kg-vneshnyaya-chast-bedra-miratorg-black-angus-gov-ohl,Раскупили,,МИРАТОРГ
654463,"Стейк Primebeef Дэнвер из мраморной говядины охлажденный, 400г",https://online.metro-cc.ru/products/stejk-prajmbif-denver-govyazhij-mramornyj-400-g,Раскупили,,PRIMEBEEF
96157,"Лопатка Ближние горки свиная TF охлажденная, 1кг",https://online.metro-cc.ru/products/lopatka-blizhnie-gorki-v-vakuumnoj-upakovke-1-kg,Раскупили,,БЛИЖНИЕ ГОРКИ
212623,"Каре Bazarco 8 ребер охлажденное, ~1кг",https://online.metro-cc.ru/products/1kg-kare-8-reber-bazarco-ohl-vu,Раскупили,,BAZARCO
635628,Вырезка Orenbeef говяжья охлажденная,https://online.metro-cc.ru/products/vyrezka-govyazhya-zachischennaya-orenbeef,Раскупили,,ORENBEEF
575405,"Мякоть пашины Заречное говяжья, ~500г",https://online.metro-cc.ru/products/myakot-pashiny-govyazhya-vakuumnaya-upakovka-zarechnoe,Раскупили,,ЗАРЕЧНОЕ
106353,"Стейк Primebeef Чак ролл из говядины охлажденный, 400г",https://online.metro-cc.ru/products/stejk-chak-roll-iz-prajmbif-v-vakuumnoj-upakovke-400-g,Раскупили,,PRIMEBEEF
575403,"Говядина Заречное наружная часть бедра, ~800г",https://online.metro-cc.ru/products/naruzhnaya-chast-bedra-vakuumnaya-upakovka-zarechnoe,Раскупили,,ЗАРЕЧНОЕ
78758,Лопатка Мираторг Фермерский бычок говяжья охлажденная,https://online.metro-cc.ru/products/lopatka-govyazhya-fermerskij-bychok-miratorg,Раскупили,,МИРАТОРГ
106708,"Часть лопатки Primebeef Топ Блейд наружная охлажденная, ~1.3кг",https://online.metro-cc.ru/products/chast-lopatki-naruzhnaya-prajmbif-v-vakuumnoj-upakovke,Раскупили,,PRIMEBEEF
82842,"Стейк Мираторг Ти-бон из мраморной говядины на кости, 490г",https://online.metro-cc.ru/products/stejk-ti-bon-miratorg-iz-mramornoj-490g,Раскупили,,МИРАТОРГ
219701,"Мякоть говяжьей шейной части Мясо есть! без кости охлажденная, 600г",https://online.metro-cc.ru/products/600g-myakot-sheynoy-chasti-myaso-est-bk-ohl-vu,Раскупили,,МЯСО ЕСТЬ!
635631,Грудинка Orenbeef говяжья охлажденная,https://online.metro-cc.ru/products/grudinka-govyazhya-orenbeef-635631,Раскупили,,ORENBEEF
60732,"Рибай Мираторг говяжий prime без кости, ~1кг",https://online.metro-cc.ru/products/ribaj-govyazhij-prime-bez-kosti-vakuumnaya-upakovka-miratorg-1kg-60732,Раскупили,,МИРАТОРГ
219694,"Голяшка говяжья Мясо есть! без кости охлажденная, 600г",https://online.metro-cc.ru/products/600g-golyashka-govyazhya-bez-kosti-myaso-est-ohl-vu,Раскупили,,МЯСО ЕСТЬ!
78734,Шея говяжья Мираторг Фермерский бычок охлажденная,https://online.metro-cc.ru/products/sheya-govyazhya-fermerskij-bychok-miratorg-78734,Раскупили,,МИРАТОРГ
635626,Край толстый Orenbeef говяжий охлажденный,https://online.metro-cc.ru/products/tolstyj-kraj-orenbeef,Раскупили,,ORENBEEF
123407,Ребрышки Мираторг Пикантные свиные охлажденные,https://online.metro-cc.ru/products/pm-rebryshki-miratorg-sv-ohl-v-u,367,459,МИРАТОРГ
635618,Часть внутренняя говяжья Orenbeef охлажденная,https://online.metro-cc.ru/products/vnutrennyaya-chast-govyazhya-orenbeef-635618,Раскупили,,ORENBEEF
348046,"Корейка Мираторг свиная на кости без позвоночника, ~5.44кг",https://online.metro-cc.ru/products/korejka-na-kosti-bez-pozvonochnika-vakuumnaya-upakovka-miratorg,Раскупили,,МИРАТОРГ
649822,Край толстый Orenbeef говяжий 1/3 Премиум охлажденный,https://online.metro-cc.ru/products/tolstyj-kraj-orenbeef-1-3-premium,Раскупили,,ORENBEEF
124438,"Оковалок Мясники говяжий охлажденный, ~4.1кг",https://online.metro-cc.ru/products/okovalok-govyazhij-myasniki-ohl-v-u,Раскупили,,МЯСНИКИ
78736,Кострец Мираторг Фермерский бычок говяжий охлажденный,https://online.metro-cc.ru/products/kostrec-govyazhij-fermerskij-bychok-miratorg-78736,Раскупили,,МИРАТОРГ
121466,"Стейк Веско Мачете из говядины, 200г",https://online.metro-cc.ru/products/200g-stejk-machete-vesko-ohl,Раскупили,,ВЕСКО
135666,Лопатка баранья Хан Баран Халяль без кости охлажденная,https://online.metro-cc.ru/products/lopatka-bez-kosti-han-halyal-ohlazhdennaya,Раскупили,,ХАН БАРАН
135934,"Мышца говяжья пояснично-подвздошная Вахавяк Плюс охлажденная, ~1.8кг",https://online.metro-cc.ru/products/myshtsa-govyazhya-poyasnichno-podvzdoshnaya-vahavyak-plyus-ohlazhdennaya-18kg,Раскупили,,ВАХАВЯК ПЛЮС
131593,Шея Диета18 говяжья охлажденная,https://online.metro-cc.ru/products/sheya-dieta-18-govyazhya-ohl-v-u,Раскупили,,ДИЕТА18
529474,"Блейд Мираторг из говядины, ~2.9кг",https://online.metro-cc.ru/products/blejd-iz-vakuumnaya-upakovka,Раскупили,,МИРАТОРГ
629035,"Бекон Мираторг из мраморной говядины, 190г",https://online.metro-cc.ru/products/bekon-iz-mramornoj-miratorg-vakuumnaya-upakovka-190-g,Раскупили,,МИРАТОРГ
38569,Отруб лопаточно-шейный Мираторг ягненка с голяшкой охлажденный,https://online.metro-cc.ru/products/otrub-yagnenka-lopatochno-shejnyj-s-golyashkoj-vakuumnaya-upakovka-38569,Раскупили,,МИРАТОРГ
328745,"Окорок Мираторг свиной без кости охлажденный, ~9.96кг",https://online.metro-cc.ru/products/okorok-svinoj-bez-kozhi-vakuumnaya-upakovka-miratorg,Раскупили,,МИРАТОРГ
78670,"Кострец Мираторг говяжий Black Angus охлажденный, ~ 3.4кг",https://online.metro-cc.ru/products/kostrets-govyazhiy-ohl-miratorg-black-angus,Раскупили,,МИРАТОРГ
78759,Мускул глазной Мираторг Фермерский бычок говяжий охлажденный,https://online.metro-cc.ru/products/muskul-glaznoj-govyazhij-ohlazhdennyj-fermerskij-bychok-miratorg,Раскупили,,МИРАТОРГ
78318,"Шейная часть говяжья Эколь Халяль 3 сорт, ~3кг",https://online.metro-cc.ru/products/shejnaya-chast-govyazhya-3-sort-ekol-78318,Раскупили,,ЭКОЛЬ
96146,Корейка Ближние горки из свинины охлажденный,https://online.metro-cc.ru/products/art_96146,Раскупили,,БЛИЖНИЕ ГОРКИ
637638,"Часть бедра внутренняя из телятины Мираторг охлажденная, ~4.6кг",https://online.metro-cc.ru/products/vnutrennyaya-chast-bedra-iz-vakuumnaya-upakovka-miratorg,Раскупили,,МИРАТОРГ
135849,"Стейк Мираторг Matured Beef Чак ролл Skin охлажденный, 650г",https://online.metro-cc.ru/products/steyk-matured-chak-roll-skin-ohlazhdennyy-250g,Раскупили,,МИРАТОРГ
484449,Вырезка говяжья Rioplatense зернового откорма охлажденная,https://online.metro-cc.ru/products/govyadina-rioplatense-vyrezka-ohlazhdennaya,Раскупили,,RIOPLATENSE
78665,Лопатка говяжья Мираторг Black Angus охлажденная,https://online.metro-cc.ru/products/5kg-lopatka-govyazhya-miratorg-black-angus-ohl,Раскупили,,МИРАТОРГ
529478,Филе Мираторг из шейного отруба,https://online.metro-cc.ru/products/file-shejnogo-otruba-denver,Раскупили,,МИРАТОРГ
635624,Край тонкий Orenbeef говяжий половина охлажденный,https://online.metro-cc.ru/products/tonkij-kraj-polovina-govyazhij-orenbeef,Раскупили,,ORENBEEF
590707,"Блейд Заречное наружная часть лопатки, ~1.5кг",https://online.metro-cc.ru/products/blejd-naruzhnyaya-chast-lopatki-vakuumnaya-upakovka-prajmbif,Раскупили,,ЗАРЕЧНОЕ
96154,Окорок Ближние горки свиной охлажденный,https://online.metro-cc.ru/products/art_96154,Раскупили,,БЛИЖНИЕ ГОРКИ
635078,"Лопатка Атяшево свиная охлажденная, ~9кг",https://online.metro-cc.ru/products/lopatka-v-vakuumnoj-upakovke-atyashevo,Раскупили,,АТЯШЕВО
60733,"Стриплойн говяжий Мираторг Prime без кости, ~1кг",https://online.metro-cc.ru/products/striplojn-govyazhij-prime-bez-kosti-vakuumnaya-upakovka-miratorg-1kg-60733,Раскупили,,МИРАТОРГ
40570,"Язык говяжий Эколь Халяль охлажденный, ~700г",https://online.metro-cc.ru/products/yazyk-govyazhij-vakuumnaya-upakovka-ekol-40570,Раскупили,,ЭКОЛЬ
635621,Часть боковая Orenbeef говяжья охлажденная,https://online.metro-cc.ru/products/bokovaya-chast-govyazhya-orenbeef-635621,Раскупили,,ORENBEEF
654466,"Стейк Primebeef Нью-Йорк охлажденный говяжий, 400г",https://online.metro-cc.ru/products/stejk-prajmbif-nyu-jork-govyazhij-mramornyj-400-g,Раскупили,,PRIMEBEEF
96155,Шейка свиная Ближние горки охлажденная,https://online.metro-cc.ru/products/shejka-vakuumnaya-upakovka-dmitrogorskij-produkt,Раскупили,,БЛИЖНИЕ ГОРКИ
106713,"Стейк Primebeef Вегас охлажденный, ~590г",https://online.metro-cc.ru/products/stejk-vegas-prajmbif-v-vakuumnoj-upakovke,Раскупили,,PRIMEBEEF
97491,Карбонад свиной без кости охлажденный,https://online.metro-cc.ru/products/karbonad-svinoj-bez-kosti-1-kg-97491-97491,Раскупили,,Без бренда
205774,"Ребра Мираторг говяжьи Black Angus охлажденные, ~1кг",https://online.metro-cc.ru/products/1kg-rebra-miratorg-govyazhi-black-angus-ohl-vu,Раскупили,,МИРАТОРГ
537408,Огузок Мираторг говяжий,https://online.metro-cc.ru/products/oguzok-govyazhij-mramornyj-miratorg,Раскупили,,МИРАТОРГ
212626,"Гуляш Bazarco охлажденный, 400г",https://online.metro-cc.ru/products/400g-gulyash-bazarco-ohl-lotok,Раскупили,,BAZARCO
137203,"Мышца говяжья Вахавяк Плюс пояснично-подвздошная охлажденная, ~1кг",https://online.metro-cc.ru/products/1kg-poyasnichno-podvzdoshnaya-myshtsa-vp-vu-ohl,Раскупили,,ВАХАВЯК ПЛЮС
106705,"Отруб подлопаточный Primebeef говяжий экстра без кости охлажденный, ~3кг",https://online.metro-cc.ru/products/otrub-podlopatochnyj-govyazhij-prajmbif-bez-kosti-v-vakuumnoj-upakovke,Раскупили,,PRIMEBEEF
212516,"Край толстый говяжий Orenbeef охлажденный зернового откорма 1/3, ~1.2кг",https://online.metro-cc.ru/products/12kg-tolstyy-kray-13-gov-orenbeef-ohl-zern-otkorm,Раскупили,,ORENBEEF
588469,"Филей говяжий Заречное из наружной части бедра, ~1.2кг",https://online.metro-cc.ru/products/filej-naruzhnoj-chasti-bedra-vakumnaya-upakovka-zarechnoe,Раскупили,,ЗАРЕЧНОЕ
635623,Край тонкий Orenbeef говяжий целый охлажденный,https://online.metro-cc.ru/products/tonkij-kraj-celyj-govyazhij-orenbeef,Раскупили,,ORENBEEF
212628,"Котлета Bazarco натуральная на кости охлажденная, 400г",https://online.metro-cc.ru/products/400g-kotleta-naturalnaya-na-kosti-bazarco-ohl-lotok,Раскупили,,BAZARCO
484448,Говядина тонкий край Rioplatense зерновой откорм охлажденная,https://online.metro-cc.ru/products/govyadina-rioplatense-tonkij-kraj,Раскупили,,RIOPLATENSE
208545,"Баранина Bazarco для плова охлажденная, 600г",https://online.metro-cc.ru/products/600g-baranina-dlya-plova-bazarco-ohl-vu,Раскупили,,BAZARCO
212624,"Окорок Bazarco на кости с голяшкой охлажденный, ~1кг",https://online.metro-cc.ru/products/1kg-okorok-na-kosti-s-golyashkoy-bazarco-ohl-vu,Раскупили,,BAZARCO
305602,"Рулька Останкино свиная охлажденная, ~1.04кг",https://online.metro-cc.ru/products/rulka-vakuumnaya-upakovka-ostankino,Раскупили,,ОСТАНКИНО
96147,Лопатка Ближние горки свиная охлажденная,https://online.metro-cc.ru/products/lopatka-vakuumnaya-upakovka-dmitrogorskij-produkt,Раскупили,,БЛИЖНИЕ ГОРКИ
110718,"Ребра Мясники для гриля охлажденные, ~1.9кг",https://online.metro-cc.ru/products/rebra-dlya-grilya-ohlazhdennye-myasniki-v-vakuumnoj-upakovke,Раскупили,,МЯСНИКИ
647670,"Стейк Мираторг Black Angus Топ Блейд говяжий, 460г",https://online.metro-cc.ru/products/stejk-miratorg-top-blejd-govyazhij-460g,Раскупили,,МИРАТОРГ
127966,"Рулька свиная Филье Проперти на кости в шкуре, ~1.3кг",https://online.metro-cc.ru/products/rulka-filye-properti-na-kosti-v-shkure,Раскупили,,ФИЛЬЕ ПРОПЕРТИ
212531,"Мускул глазной говяжий Orenbeef охлажденный зернового откорма, ~1.8кг",https://online.metro-cc.ru/products/18kg-glaznoy-muskul-gov-orenbeef-ohl-zern-otkorm,Раскупили,,ORENBEEF
590709,"Говядина Primebeef наружная часть бедра, ~1.5кг",https://online.metro-cc.ru/products/naruzhnyaya-chast-bedra-govyazhya-vakuumnaya-upakovka-zarechnoe,Раскупили,,PRIMEBEEF
131589,"Голяшка без кости Диета18 говяжья охлажденная, ~700г",https://online.metro-cc.ru/products/golyashka-b-k-dieta-18-govyazhya-ohl-v-u,Раскупили,,ДИЕТА18
116964,"Стейк Мясники Денвер говяжий без кости охлажденный, ~400г",https://online.metro-cc.ru/products/stejk-denver-bez-kosti-myasniki,Раскупили,,МЯСНИКИ
96158,Окорок Ближние горки свиной охлажденный,https://online.metro-cc.ru/products/okorok-svinoj-blizhnie-gorki-v-vakuumnoj-upakovke-1-kg,Раскупили,,БЛИЖНИЕ ГОРКИ
628353,Голяшка Мираторг телячья для Оссо буко охлажденная,https://online.metro-cc.ru/products/golyashka-telyachya-dlya-osso-buko-vakuumnaya-upakovka-miratorg,Раскупили,,МИРАТОРГ
635625,Край толстый Orenbeef говяжий охлажденный,https://online.metro-cc.ru/products/tolstyj-kraj-govyazhij-orenbeef-635625,Раскупили,,ORENBEEF
135847,"Пиканья говяжья Мираторг Matured Beef охлажденная, ~2.5кг",https://online.metro-cc.ru/products/pikanya-matured-govyazhya-ohlazhdennaya-25kg,Раскупили,,МИРАТОРГ
574101,"Ребра Заречное Кальби говяжьи охлажденные, ~450г",https://online.metro-cc.ru/products/rebra-kalbi-zarechnoe,Раскупили,,ЗАРЕЧНОЕ
122745,"Котлета из баранины Эколь Халяль натуральная охлажденная, 400г",https://online.metro-cc.ru/products/kotleta-iz-ekol-naturalnaya-400-g,Раскупили,,ЭКОЛЬ
131590,Лопатка без кожи говяжья Диета18 охлажденная,https://online.metro-cc.ru/products/lopatka-b-k-dieta-18-govyazhya-ohl-v-u,Раскупили,,ДИЕТА18
210468,"Тушка кролика Мазайцево половина охлажденная, ~1кг",https://online.metro-cc.ru/products/1kg-tushka-krolika-mazaytsevo-polovina-vu-ohl,Раскупили,,МАЗАЙЦЕВО
635634,Лопатка Orenbeef говяжья верхняя часть охлажденная,https://online.metro-cc.ru/products/lopatka-verhnyaya-chast-govyazhya-orenbeef,Раскупили,,ORENBEEF
118135,"Шейка баранья Мясо есть! на кости охлажденная, ~800г",https://online.metro-cc.ru/products/shejka-myaso-est-na-kosti-1-kg,Раскупили,,МЯСО ЕСТЬ!
131592,Оковалок говяжий Диета18 охлажденный,https://online.metro-cc.ru/products/okovalok-dieta-18-govyazhij-ohl-v-u,Раскупили,,ДИЕТА18
637640,"Лопатка Мираторг из телятины охлажденная, ~2.3кг",https://online.metro-cc.ru/products/lopatka-iz-vakuumnaya-upakovka-miratorg,Раскупили,,МИРАТОРГ
212807,"Клаб стейк Мираторг Black angus из мраморной говядины, 450г",https://online.metro-cc.ru/products/450g-klab-steyk-miratorg-black-angus-mram-govyadina-vu,Раскупили,,МИРАТОРГ
548874,"Голяшка баранья на кости Мясо есть! Халяль охлажденная, ~500г",https://online.metro-cc.ru/products/golyashka-na-kosti-halyal-vakuumnaya-upakovka-myaso-est,Раскупили,,МЯСО ЕСТЬ!
218305,"Баранина Мясо есть! для плова с курдюком охлажденная, 370г",https://online.metro-cc.ru/products/370g-baranina-dlya-plova-s-kurdyukom-myaso-est-ohl-vu,Раскупили,,МЯСО ЕСТЬ!
662782,"Окорок бараний Эколь Халяль целый охлажденный в сетке, ~500г",https://online.metro-cc.ru/products/okorok-celyj-v-setke,Раскупили,,ЭКОЛЬ
590568,Пиканья говяжья зерновой откорм охлажденная,https://online.metro-cc.ru/products/stejk-pikanya-govyazhij-zernovoj-otkorm-vakumnaya-upakovka-argentina,Раскупили,,Без бренда
206727,"Часть говяжья Вахавяк Плюс лопаточная фирменная охлажденная, ~2кг",https://online.metro-cc.ru/products/2kg-lopatochnaya-chast-govyazhya-firmennaya-ohlazhdennaya-vu-vp,Раскупили,,ВАХАВЯК ПЛЮС
131586,Корейка баранья Хан Баран 8 ребер охлажденная,https://online.metro-cc.ru/products/korejka-han-8-reber-ohl-v-u,Раскупили,,ХАН БАРАН
208542,"Окорок Bazarco на кости без голяшки охлажденный, ~1кг",https://online.metro-cc.ru/products/1kg-okorok-na-kosti-bez-golyashki-bazarco-ohl-vu,Раскупили,,BAZARCO
131357,"Шея говяжья Вахавяк Плюс без кости охлажденная, ~5кг",https://online.metro-cc.ru/products/sheya-govyazhya-b-k-ohl-v-u,Раскупили,,ВАХАВЯК ПЛЮС
131587,Часть бедра внутренняя без кости говядина Диета18 охлажденная,https://online.metro-cc.ru/products/vnutrennyaya-chast-bedra-b-k-dieta-18-ohl-v-u,Раскупили,,ДИЕТА18
38576,Окорок ягненка Мираторг на кости охлажденный,https://online.metro-cc.ru/products/okorok-yagnenka-na-kosti-vakuumnaya-upakovka-38576,Раскупили,,МИРАТОРГ
82844,"Стейк Мираторг Портерхаус из мраморной говядины на кости, 610г",https://online.metro-cc.ru/products/stejk-porterhaus-miratorg-na-kosti-610g-82844,Раскупили,,МИРАТОРГ
214312,"Шейка Останкино охлажденная, ~1кг",https://online.metro-cc.ru/products/1kg-sheyka-ostankino-ohl-vu,Раскупили,,ОСТАНКИНО
101555,Отруб плечелопаточный Любослава свиной охлажденный,https://online.metro-cc.ru/products/otrub-svinoj-plechelopatochnyj-ohlazhdennyj-rm-v-vakuumnoj-upakovke,Раскупили,,ЛЮБОСЛАВА
219695,"Гуляш Мясо есть! из говядины охлажденный, 600г",https://online.metro-cc.ru/products/600g-gulyash-iz-govyadiny-myaso-est-ohl-vu,Раскупили,,МЯСО ЕСТЬ!
96145,Карбонад Ближние горки из свинины охлажденный,https://online.metro-cc.ru/products/art_96145,Раскупили,,БЛИЖНИЕ ГОРКИ
213030,"Тушка кролика Мазайцево в горчично-медовом маринаде охлажденная, ~1кг",https://online.metro-cc.ru/products/1kg-tushka-krolika-v-gorchmed-marinade-mazaytsevo-ohl,Раскупили,,МАЗАЙЦЕВО
203296,"Баранина для бульона Эколь Халяль охлажденная, 400г",https://online.metro-cc.ru/products/400g-baranina-dlya-bulona-ekol-ohl-lotok,Раскупили,,ЭКОЛЬ
635622,Мускул глазной Orenbeef говяжий охлажденный,https://online.metro-cc.ru/products/glaznoj-muskul-govyazhij-635622,Раскупили,,ORENBEEF
637636,Кострец Мираторг из телятины охлажденный,https://online.metro-cc.ru/products/kostrec-iz-miratorg-v-u,Раскупили,,МИРАТОРГ
573746,Отруб Мираторг Три-тип говяжий,https://online.metro-cc.ru/products/otrub-miratorg-tri-tip-govyazhij,Раскупили,,МИРАТОРГ
216646,"Шейка свиная на кости охлажденные, ~1.5кг",https://online.metro-cc.ru/products/15kg-sheyka-svinaya-nk-ohl-vu,Раскупили,,Без бренда
658501,Лопатка Мясной удар говяжья мелкий кусок охлажденная,https://online.metro-cc.ru/products/lopatka-govyazhya-melkij-kusok-vakuumnaya-upakovka-udar,Раскупили,,МЯСНОЙ УДАР
569758,Вырезка Мясной удар говяжья,https://online.metro-cc.ru/products/vyrezka-govyazhya-udar,Раскупили,,МЯСНОЙ УДАР
216653,"Окорок свиной на кости охлажденный, ~1.5кг",https://online.metro-cc.ru/products/15kg-okorok-svinoy-na-kosti-ohl-vu,Раскупили,,Без бренда
658504,Оковалок Мясной удар мелкий кусок охлажденный,https://online.metro-cc.ru/products/okovalok-melkij-kusok-udar,Раскупили,,МЯСНОЙ УДАР
96159,"Карбонад свиной БЛИЖНИЕ ГОРКИ охлажденный, 1 кг",https://online.metro-cc.ru/products/karbonad-svinoj-blizhnie-gorki-1-kg,Раскупили,,БЛИЖНИЕ ГОРКИ
110707,"Часть лопатки Мясники передняя без кости охлажденная, ~1.6кг",https://online.metro-cc.ru/products/chast-perednyaya-lopatochnogo-otruba-bez-kozhi-ohlazhdennaya-myasniki-v-vakuumnoj-upakovke,Раскупили,,МЯСНИКИ
207154,"Ребрышки Мираторг для гриля говяжьи Black Angus охлажденные, ~900г",https://online.metro-cc.ru/products/900g-rebryshki-dlya-grilya-govyazhi-miratorg-black-angus-ohl,999,,МИРАТОРГ
667703,"Грудинка Мираторг говяжья без кости охлажденная, 800г",https://online.metro-cc.ru/products/grudinka-govyazhya-bez-kosti-800g,Раскупили,,МИРАТОРГ
662781,"Баранина Эколь Халяль духовая охлажденная, ~600г",https://online.metro-cc.ru/products/ekol-duhovaya,Раскупили,,ЭКОЛЬ
611976,Диафрагма Мираторг говяжья тонкая внешняя,https://online.metro-cc.ru/products/diafragma-tonkaya-vneshnyaya-miratorg-v-u,Раскупили,,МИРАТОРГ
96156,Вырезка Ближние горки свиная охлажденная,https://online.metro-cc.ru/products/art_96156,Раскупили,,БЛИЖНИЕ ГОРКИ
98351,"Корейка Мясо есть! из баранины охлажденная, 500г",https://online.metro-cc.ru/products/korejka-iz-myaso-est-500-g,Раскупили,,МЯСО ЕСТЬ!
658502,Край тонкий Мясной удар говяжий мелкий кусок охлажденный,https://online.metro-cc.ru/products/tonkij-kraj-govyazhij-udar-melkij-kusok,Раскупили,,МЯСНОЙ УДАР
98349,"Фланк стейк говяжий Мясо есть! охлажденный, 300г",https://online.metro-cc.ru/products/flank-stejk-govyazhij-myaso-est-300g,Раскупили,,МЯСО ЕСТЬ!
106345,"Стейк Заречное Рибай Skin из говядины охлажденный, 400г",https://online.metro-cc.ru/products/stejk-ribaj-skin-iz-zarechnoe-400-g,Раскупили,,ЗАРЕЧНОЕ
654465,"Стейк Primebeef Топ Сирлойн из мраморной говядины охлажденный, 400г",https://online.metro-cc.ru/products/stejk-prajmbif-top-sirlojn-govyazhij-mramonyj-400-g,Раскупили,,PRIMEBEEF
207129,"Филе-стейк Мираторг свинина охлажденный, 300г",https://online.metro-cc.ru/products/300-file-steyk-miratorg-svinina-ohl-vu,Раскупили,,МИРАТОРГ
216647,"Грудинка свиная на кости охлажденная, ~1.5кг",https://online.metro-cc.ru/products/15kg-grudinka-svinaya-nk-ohl-vu,Раскупили,,Без бренда
40572,Печень говяжья Эколь Халяль охлажденная,https://online.metro-cc.ru/products/pechen-govyazhya-vakuumnaya-upakovka-ekol-40572,Раскупили,,ЭКОЛЬ
121540,Гуляш Йола из свинины без кости охлажденный,https://online.metro-cc.ru/products/gulyash-svinoj-b-k-ohl-mga,Раскупили,,ЙОЛА
212629,"Поджарка Bazarco из баранины охлажденная, 400г",https://online.metro-cc.ru/products/400g-podzharka-iz-baraniny-bazarco-ohl-lotok,Раскупили,,BAZARCO
611027,"Стейк Мираторг Prime skin Мачете из говядины, 480г",https://online.metro-cc.ru/products/stejk-machete-govyazhij-miratorg-prime-skin-480g,Раскупили,,МИРАТОРГ
642230,Лопатка Слово мясника свиная охлажденная,https://online.metro-cc.ru/products/lopatka-slovo-myasnika,Раскупили,,СЛОВО МЯСНИКА
509168,Вырезка Мираторг DF свиная охлажденная,https://online.metro-cc.ru/products/vyrezka-df,Раскупили,,МИРАТОРГ
78739,Часть бедра Мираторг Фермерский бычок говяжья внешняя охлажденная,https://online.metro-cc.ru/products/chast-vneshnyaya-bedra-fermerskij-bychok-miratorg-78739,Раскупили,,МИРАТОРГ
210463,"Печень кролика Мазайцево охлажденная, ~1кг",https://online.metro-cc.ru/products/1kg-pechen-krolika-mazaytsevo-vu-ohl,Раскупили,,МАЗАЙЦЕВО
212625,"Шея Bazarco на кости, ~1кг",https://online.metro-cc.ru/products/1kg-sheya-na-kosti-bazarco-ohl-vu,Раскупили,,BAZARCO
545210,"Шея свиная охлажденная, ~1кг",https://online.metro-cc.ru/products/sheya-v-vakuumnoj-upakovke-545210,Раскупили,,Без бренда
97500,"Лопатка Мираторг ягненка на кости охлажденная, 620г",https://online.metro-cc.ru/products/lopatka-yagnenka-miratorg-na-kosti-620-g-97500,Раскупили,,МИРАТОРГ
132165,METRO Chef Шейка телятина фермерская без кости охлажденная,https://online.metro-cc.ru/products/shejka-b-k-telyatina-fermerskaya-metro-chef-ohl-gaz,Раскупили,,METRO CHEF
216655,"Лопатка свиная на кости охлажденная, ~1.5кг",https://online.metro-cc.ru/products/15kg-lopatka-svinaya-na-kosti-ohl-vu,Раскупили,,Без бренда
545208,"Лопатка свиная охлажденная, ~1кг",https://online.metro-cc.ru/products/lopatka-v-vakuumnoj-upakovke,Раскупили,,Без бренда
218877,"Отруб Bazarco бескостный курдюк бараний охлажденный, ~1кг",https://online.metro-cc.ru/products/1kg-otrub-beskostnyy-kurdyuk-baraniy-bazarco-vu-ohl,Раскупили,,BAZARCO
305603,"Голяшка Останкино свиная охлажденная, ~1.36кг",https://online.metro-cc.ru/products/golyashka-vakuumnaya-upakovka,Раскупили,,ОСТАНКИНО
217643,"Кореечка Останкино в пряном маринаде охлажденная, 400г",https://online.metro-cc.ru/products/koreechka-ostankino-v-pryanom-marinade-ohlazhdennaya-400g,Раскупили,,ОСТАНКИНО
134807,Чак ролл говяжий зерновой откорм Аргентина охлажденный,https://online.metro-cc.ru/products/chak-roll-govyazhiy-ohl-vu-zernovoy-otkorm-argentina,Раскупили,,Без бренда
212622,"Голяшка Bazarco на кости охлажденная, ~1кг",https://online.metro-cc.ru/products/1kg-golyashka-na-kosti-bazarco-ohl-vu,Раскупили,,BAZARCO
131585,Окорок без кости Хан Баран бараний охлажденный,https://online.metro-cc.ru/products/okorok-b-k-han-ohl-v-u,Раскупили,,ХАН БАРАН
132966,Край толстый говяжий Мяско Халяль без кости охлажденный,https://online.metro-cc.ru/products/kray-tolstyy-govyazhiy-myasko-bez-kosti-ohlazhdennyy,Раскупили,,МЯСКО
128479,Корейка свиная на кости для производства охлажденная,https://online.metro-cc.ru/products/korejka-nk-d-proizvodstva-ohl-v-u,Раскупили,,БУТЧЕР
110728,"Часть лопатки Мясники задняя без кости охлажденная, ~5.6кг",https://online.metro-cc.ru/products/chast-zadnyaya-lopatochnogo-otruba-bez-kosti-myasniki-v-vakuumnoj-upakovke,Раскупили,,МЯСНИКИ
116749,"Стейк из лопатки телятины охлажденный Мираторг в вакуумной упаковке, 400г",https://online.metro-cc.ru/products/400g-stejk-miratorg-iz-lopatki-ohl-v-u,Раскупили,,МИРАТОРГ
328759,Рулька Мираторг свиная охлажденная,https://online.metro-cc.ru/products/rulka-vakuumnaya-upakovka,Раскупили,,МИРАТОРГ
106341,"Ребрышки Мираторг из мраморной говядины для запекания охлажденные, ~1.3кг",https://online.metro-cc.ru/products/rebryshki-iz-mramornoj-govyadiny-dlya-zapekaniya-ohlazhdennye,Раскупили,,МИРАТОРГ
559371,Окорок свиной вакуумная упаковка ОСТАНКИНО,https://online.metro-cc.ru/products/okorok-svinoj-vakuumnaya-upakovka-ostankino,Раскупили,,ОСТАНКИНО
87162,"Стейк Мираторг Мраморный из свинины в соусе BBQ охлажденный, 310г",https://online.metro-cc.ru/products/stejk-mramornyj-svinoj-v-souse-bbq-miratorg-310-g,Раскупили,,МИРАТОРГ
131584,Баранина Хан Баран набор для плова охлажденная,https://online.metro-cc.ru/products/han-nabor-dlya-plova-ohl-v-u,Раскупили,,ХАН БАРАН
559371,Окорок свиной вакуумная упаковка ОСТАНКИНО,https://online.metro-cc.ru/products/okorok-svinoj-vakuumnaya-upakovka-ostankino,Раскупили,,ОСТАНКИНО
381811,Окорок Мираторг свиной без кости охлажденный,https://online.metro-cc.ru/products/art_381811,Раскупили,,МИРАТОРГ
104799,Рубра говяжьи Мираторг охлажденные вакуум,https://online.metro-cc.ru/products/rubra-govyazhyi-miratorg-ohlazhdennye-vakuum,Раскупили,,МИРАТОРГ
212533,"Часть верхняя говяжья Orenbeef тазобедренного отруба охлажденная зернового откорма, ~2кг",https://online.metro-cc.ru/products/2kg-verhnyaya-chast-tbo-gov-orenbeef-ohl-zern-otkorm,Раскупили,,ORENBEEF
131584,Баранина Хан Баран набор для плова охлажденная,https://online.metro-cc.ru/products/han-nabor-dlya-plova-ohl-v-u,Раскупили,,ХАН БАРАН
116749,"Стейк из лопатки телятины охлажденный Мираторг в вакуумной упаковке, 400г",https://online.metro-cc.ru/products/400g-stejk-miratorg-iz-lopatki-ohl-v-u,Раскупили,,МИРАТОРГ
104157,"Баранина Эколь тазобедренная часть охлажденная Халяль, ~1.3кг",https://online.metro-cc.ru/products/aro-tazobedrennaya-chast-n-halyal,Раскупили,,ЭКОЛЬ
212518,"Вырезка говяжья Orenbeef охлажденная зернового откорма, ~1.8кг",https://online.metro-cc.ru/products/18kg-vyrezka-gov-orenbeef-ohl-zernov-otkorm,Раскупили,,ORENBEEF
642290,"Баранина для шашлыка из окорока Мясо есть! Халяль охлажденная, ~1.5кг",https://online.metro-cc.ru/products/dlya-shashlyka-okorok-halyal-myaso-est,Раскупили,,МЯСО ЕСТЬ!
38584,Шейка ягненка на кости охлажденная Мираторг вакуумная упаковка,https://online.metro-cc.ru/products/shejka-yagnenka-na-kosti-vakuumnaya-upakovka-38584,Раскупили,,МИРАТОРГ
311520,Корейка на кости свиная газовая среда ОСТАНКИНО,https://online.metro-cc.ru/products/korejka-na-kosti-svinaya-gazovaya-sreda-ostankino,Раскупили,,ОСТАНКИНО
381809,Лопатка Мираторг свиная без кожи охлажденная,https://online.metro-cc.ru/products/lopatka-bez-kozhi-podlozhka-miratorg,Раскупили,,МИРАТОРГ
110710,"Часть отруба Мясники внутренняя тазобедренная часть без кости охлажденная, ~7.3кг",https://online.metro-cc.ru/products/chast-vnutrennyaya-tazobedrennogo-otruba-bez-kozhi-myasniki-v-vakuumnoj-upakovke,Раскупили,,МЯСНИКИ
110716,Стейк из диафрагмы без кости МЯСНИКИ охлажденный в вакуумной упаковке,https://online.metro-cc.ru/products/stejk-iz-diafragmy-bez-kosti-myasniki-ohlazhdennyj-v-vakuumnoj-upakovke,Раскупили,,МЯСНИКИ
127765,Диафрагма тонкая говяжья зерновой откорм Уругвай охлажденная,https://online.metro-cc.ru/products/tonkaya-diafragma-govyazhij-zern-otkorm-urugvaj-ohl-v-u,Раскупили,,GRAND ANA PAULA
110709,"Отруб подлопаточный Мясники без кости охлажденный, ~4.5кг",https://online.metro-cc.ru/products/otrub-podlopatochnyj-bez-kozhi-ohlazhdennyj-myasniki-v-vakuumnoj-upakovke,Раскупили,,МЯСНИКИ
126925,Тонкая диафрагма говяжья зерновой откорм Уругвай охлажденная в вакууме,https://online.metro-cc.ru/products/tonkaya-diafragma-govyazhya-zernovoj-otkorm-urugvaj-ohlazhdennaya-v-vakuume,Раскупили,,Без бренда
128469,Ребро мясное гриль охлажденное,https://online.metro-cc.ru/products/rebro-svinoe-gril-ohl-v-u,Раскупили,,БУТЧЕР
654956,Вырезка Промагро свиная охлажденная,https://online.metro-cc.ru/products/vyrezka-vakuumnaya-upakovka-654956,Раскупили,,Без бренда
369700,Лопатка свиная охлажденная,https://online.metro-cc.ru/products/svinoe-file-lopatki-v-vakuumnoj-upakovke,Раскупили,,Без бренда
126920,Толстый край говяжий 1/2 зерновой откорм Уругвай охлажденный в вакууме,https://online.metro-cc.ru/products/tolstyj-kraj-govyazhij-1-2-zernovoj-otkorm-urugvaj-ohlazhdennyj-v-vakuume,Раскупили,,Без бренда
131591,Часть бедра наружная Диета18 говядина охлажденная,https://online.metro-cc.ru/products/naruzhnaya-chast-bedra-dieta-18-ohl-v-u,Раскупили,,ДИЕТА18
127770,Край тонкий говяжий Grand Ana Paula 1/2 зерновой откорм Уругвай охлажденный,https://online.metro-cc.ru/products/tonkij-kraj-1-2-govyazhij-zern-otkorm-urugvaj-ohl-v-u,Раскупили,,GRAND ANA PAULA
656130,Корейка Останкино свиная на кости без позвоночника,https://online.metro-cc.ru/products/korejka-na-kosti-bez-pozvonochnika-v-u-ostankino,Раскупили,,ОСТАНКИНО
123260,Свинина Останкино праздничная для запекания охлажденная,https://online.metro-cc.ru/products/prazdnichnaya-mgs-ohl-lotok-dlya-zap,Раскупили,,ОСТАНКИНО
621636,Стейк фленк Rioplatense говяжий охлажденный,https://online.metro-cc.ru/products/tacuarembo-okovalok,Раскупили,,RIOPLATENSE
127769,Стейк фленк говяжий зерновой откорм Уругвай охлажденный,https://online.metro-cc.ru/products/flenk-stejk-govyazhij-zern-otkorm-urugvaj-ohl-v-u,Раскупили,,GRAND ANA PAULA
126922,Вырезка говяжья без цепочки зерновой откорм Уругвай охлажденная,https://online.metro-cc.ru/products/vyrezka-govyazhya-bez-cepochki-zernovoj-otkorm-urugvaj-ohlazhdennaya-v-vakuume,Раскупили,,Без бренда
136317,"Гуляш Primebeef мраморная говядина охлажденная, 400г",https://online.metro-cc.ru/products/gulyash-primebeef-mramornaya-govyadina-ohlazhdennaya-400g,Раскупили,,PRIMEBEEF
203681,"Стриплойн говяжий Мираторг кусок охлажденный, ~3кг",https://online.metro-cc.ru/products/3kg-striployn-govyazhiy-kusok-ohl-vu,Раскупили,,МИРАТОРГ
110705,"Часть лопатки Мясники наружная без кости охлажденная, ~2.3кг",https://online.metro-cc.ru/products/chast-naruzhnaya-lopatochnogo-otruba-bez-kozhi-ohlazhdennaya-myasniki-v-vakuumnoj-upakovke,Раскупили,,МЯСНИКИ
98444,Стейк Primebeef Мачете говяжий охлажденный,https://online.metro-cc.ru/products/stejk-govyazhij-prime-beef-machete-1-kg-98444,Раскупили,,PRIMEBEEF
127769,Стейк фленк говяжий зерновой откорм Уругвай охлажденный,https://online.metro-cc.ru/products/flenk-stejk-govyazhij-zern-otkorm-urugvaj-ohl-v-u,Раскупили,,GRAND ANA PAULA
126922,Вырезка говяжья без цепочки зерновой откорм Уругвай охлажденная,https://online.metro-cc.ru/products/vyrezka-govyazhya-bez-cepochki-zernovoj-otkorm-urugvaj-ohlazhdennaya-v-vakuume,Раскупили,,Без бренда
656130,Корейка Останкино свиная на кости без позвоночника,https://online.metro-cc.ru/products/korejka-na-kosti-bez-pozvonochnika-v-u-ostankino,Раскупили,,ОСТАНКИНО
123260,Свинина Останкино праздничная для запекания охлажденная,https://online.metro-cc.ru/products/prazdnichnaya-mgs-ohl-lotok-dlya-zap,Раскупили,,ОСТАНКИНО
621636,Стейк фленк Rioplatense говяжий охлажденный,https://online.metro-cc.ru/products/tacuarembo-okovalok,Раскупили,,RIOPLATENSE
136317,"Гуляш Primebeef мраморная говядина охлажденная, 400г",https://online.metro-cc.ru/products/gulyash-primebeef-mramornaya-govyadina-ohlazhdennaya-400g,Раскупили,,PRIMEBEEF
203681,"Стриплойн говяжий Мираторг кусок охлажденный, ~3кг",https://online.metro-cc.ru/products/3kg-striployn-govyazhiy-kusok-ohl-vu,Раскупили,,МИРАТОРГ
126920,Толстый край говяжий 1/2 зерновой откорм Уругвай охлажденный в вакууме,https://online.metro-cc.ru/products/tolstyj-kraj-govyazhij-1-2-zernovoj-otkorm-urugvaj-ohlazhdennyj-v-vakuume,Раскупили,,Без бренда
131591,Часть бедра наружная Диета18 говядина охлажденная,https://online.metro-cc.ru/products/naruzhnaya-chast-bedra-dieta-18-ohl-v-u,Раскупили,,ДИЕТА18
343297,Вырезка Останкино свиная охлажденная,https://online.metro-cc.ru/products/vyrezka-vakuumnaya-upakovka-ostankino,Раскупили,,ОСТАНКИНО
568959,Свиной окорок без кости охлажденный вакуумная упаковка ЗМК,https://online.metro-cc.ru/products/svinoj-okorok-bez-kosti-vakuumnaya-upakovka-zmk,Раскупили,,Без бренда
373055,Шея свиная крупный кусок охлажденная,https://online.metro-cc.ru/products/sheya-krupnyj-kusok-vakuumnaya-upakovka,Раскупили,,Без бренда
128467,Лопатка свиная Бутчер без кости охлажденная,https://online.metro-cc.ru/products/lopatka-b-k-ohl-v-u-128467,Раскупили,,БУТЧЕР
128468,Окорок свиной Бутчер без кости охлажденный,https://online.metro-cc.ru/products/okorok-svinoj-b-k-ohl-v-u-128468,Раскупили,,БУТЧЕР
128465,Карбонад Бутчер Люкс из свинины охлажденный,https://online.metro-cc.ru/products/karbonad-lyuks-iz-ohl-v-u,Раскупили,,БУТЧЕР
78675,Внутренняя часть бедра Мираторг говяжья Black Angus охлажденная,https://online.metro-cc.ru/products/vnutrennyaya-chast-bedra-gov-ohl-miratorg-black-angus,Раскупили,,МИРАТОРГ
372764,Вырезка свиная охлажденная в вакуумной упаковке,https://online.metro-cc.ru/products/vyrezka-v-vakuumnoj-upakovke,Раскупили,,Без бренда
214311,"Карбонад Останкино свиной без кости охлажденный, ~1кг",https://online.metro-cc.ru/products/1kg-karbonad-svinoy-ostankino-bk-ohl-vu,Раскупили,,ОСТАНКИНО
128466,Корейка свиная на кости охлажденная,https://online.metro-cc.ru/products/korejka-nk-ohl-v-u,Раскупили,,БУТЧЕР
508394,Кость говяжья ЭКОЛЬ охлажденная,https://online.metro-cc.ru/products/kost-govyazhya-ekol-ohlazhdennaya,Раскупили,,ЭКОЛЬ
510349,Передняя голяшка без кости вакуумная упаковка,https://online.metro-cc.ru/products/perednyaya-golyashka-bez-kosti-vakuumnaya-upakovka,Раскупили,,ЗАРЕЧНОЕ
610844,"Край тонкий Мираторг Prime говяжий, 2.5кг",https://online.metro-cc.ru/products/tonkij-kraj-miratorg-prime-govyazhij-vakuumnaya-upakovka-25kg,Раскупили,,МИРАТОРГ
611125,"Край толстый Заречное Choice говяжий, ~1.65кг",https://online.metro-cc.ru/products/tolstyj-kraj-govyazhij-choice-vakuumnaya-upakovka-zarechnoe,Раскупили,,ЗАРЕЧНОЕ
621630,Вырезка Tacuarembo говяжья без цепочки охлажденная Уругвай,https://online.metro-cc.ru/products/rioplatense-vyrezka-s-cepochkoj-vakuumnaya-upakovka-zernovoj-otkorm-urugvaj,Раскупили,,TACUAREMBO
621643,"Край тонкий Tacuarembo говяжий 1/2 зерновой откорм охлажденный Уругвай, ~1.9кг",https://online.metro-cc.ru/products/tonkij-kraj-1-2-govyazhij-vakuumnaya-upakovka-zernovoj-otkorm,Раскупили,,TACUAREMBO
635629,Вырезка Orenbeef говяжья охлажденная,https://online.metro-cc.ru/products/vyrezka-zachischennaya-govyazhya-orenbeef-635629,Раскупили,,ORENBEEF
104576,Телятина фермерская для бульона охлажденная,https://online.metro-cc.ru/products/fermerskaya-dlya-bulona,Раскупили,,Без бренда
106707,"Часть лопатки Primebeef задняя без кости охлажденная, ~2кг",https://online.metro-cc.ru/products/chast-lopaiki-zadnyaya-bez-kosti-prajmbif-v-vakuumnoj-upakovke,Раскупили,,PRIMEBEEF
106707,"Часть лопатки Primebeef задняя без кости охлажденная, ~2кг",https://online.metro-cc.ru/products/chast-lopaiki-zadnyaya-bez-kosti-prajmbif-v-vakuumnoj-upakovke,Раскупили,,PRIMEBEEF
585252,"Толстый край говяжий Rioplatense 1/2 охлажденный, зерновой откорм Аргентина, ~2-3кг",https://online.metro-cc.ru/products/kostrec-govyazhij-rioplatense-zernovoj-otkorm-argentina-vakumnaya-upakovka,Раскупили,,RIOPLATENSE
662853,"Стейк говяжий МИРАТОРГ Вегас Skin охлажденный, 480г",https://online.metro-cc.ru/products/stejk-govyazhij-miratorg-vegas-skin-480g,Раскупили,,МИРАТОРГ
214309,"Рибай Мираторг Matured зачищенный охлажденный, ~5.8кг",https://online.metro-cc.ru/products/58kg-ribay-zachischennyy-miratorg-matured-ohl-vu,Раскупили,,МИРАТОРГ
510634,Шейка свиная Останкино,https://online.metro-cc.ru/products/shejka-svinaya-ostankino-vakuumnaya-upakovka,Раскупили,,ОСТАНКИНО
381810,Шейка свиная Мираторг без кости охлажденная,https://online.metro-cc.ru/products/shejka-bez-kozhi-podlozhka-miratorg,Раскупили,,МИРАТОРГ
562532,Окорок ТАМБОВСКИЙ БЕКОН свиной охлажденный,https://online.metro-cc.ru/products/okorok-tambovskij-bekon-svinoj,Раскупили,,ТАМБОВСКИЙ БЕКОН
568962,Свиная вырезка охлажденная в/у,https://online.metro-cc.ru/products/svinaya-vyrezka-ohlazhdennaya-vakuumnaya-upakovka,Раскупили,,Без бренда
562529,Лопатка Тамбовский бекон свиная без кости охлажденная,https://online.metro-cc.ru/products/lopatka-bez-kosti-tambovskij-bekon-v-u,Раскупили,,ТАМБОВСКИЙ БЕКОН
110725,Отруб грудной без кожи охлажденный МЯСНИКИ в вакуумеой упаковке,https://online.metro-cc.ru/products/otrub-grudnoj-bez-kozhi-ohlazhdennyj-myasniki-v-vakuumeoj-upakovke,Раскупили,,МЯСНИКИ
106343,Стейк минутка из говядины Заречное охлажденный 400 г,https://online.metro-cc.ru/products/stejk-minutka-iz-zarechnoe-400-g,Раскупили,,ЗАРЕЧНОЕ
127767,Блейд говяжий зерновой откорм Уругвай охлажденный,https://online.metro-cc.ru/products/blejd-govyazhij-zern-otkorm-urugvaj-ohl-v-u,Раскупили,,Без бренда
132957,Корейка ягненка Мяско Халяль на кости охлажденная,https://online.metro-cc.ru/products/korejka-yagnena-na-kosti-ohlazhdennaya,Раскупили,,МЯСКО
118123,"Ребра Мясо есть! бараньи халяль охлажденные, 400г",https://online.metro-cc.ru/products/400g-rebra-myaso-est-halyal-ohl-lotok,Раскупили,,МЯСО ЕСТЬ!
85273,"Стейк Мираторг Рибай из телятины фермерский охлажденный, 390г",https://online.metro-cc.ru/products/stejk-iz-ribaj-fermerskij-miratorg,Раскупили,,МИРАТОРГ
79768,Свинина для шашлыка ОСТАНКИНО охлажденная газонаполненная упаковка,https://online.metro-cc.ru/products/dlya-shashlyka-ostankino-gazonapolnennaya-upakovka,Раскупили,,ОСТАНКИНО
90404,METRO Chef Окорок свиной охлажденный,https://online.metro-cc.ru/products/okorok-svinoj-metro-chef-gazonapolnennaya-upakovka-90404,Раскупили,,METRO CHEF
128482,Окорок свиной без кости для производства охлажденный,https://online.metro-cc.ru/products/okorok-svinoj-b-k-d-proizvodstva-ohl-v-u,Раскупили,,БУТЧЕР
484444,Говядина толстый край Rioplatense зерновой откорм охлажденная,https://online.metro-cc.ru/products/rioplatense-tolstyj-kraj,Раскупили,,RIOPLATENSE
128478,Карбонад Люкс из свинины для производства охлажденный,https://online.metro-cc.ru/products/karbonad-lyuks-iz-d-proizvodstva-ohl-v-u,Раскупили,,БУТЧЕР
110706,Филе Мясники из подлопаточного отруба без кости охлажденное,https://online.metro-cc.ru/products/filej-podlopatochnogo-otruba-bez-kosti-ohlazhdennyj-myasniki-v-vakuumnoj-upakovke,Раскупили,,МЯСНИКИ
132967,Край тонкий говяжий Мяско Халяль без кости охлажденный,https://online.metro-cc.ru/products/kray-tonkiy-govyazhiy-myasko-bez-kosti-ohlazhdennyy,Раскупили,,МЯСКО
568961,Карбонад свиной охлажденный без костивакуумная упаковка,https://online.metro-cc.ru/products/karbonad-svinoj-bez-kosti-vakuumnaya-upakovka,Раскупили,,Без бренда
60808,"Стейк Мираторг Канзас из мраморной говядины охлажденный, 390г",https://online.metro-cc.ru/products/stejk-iz-mramornoj-miratorg-kanzas-390g,Раскупили,,МИРАТОРГ
131353,Вырезка говяжья Вахавяк Плюс охлажденная,https://online.metro-cc.ru/products/vyrezka-govyazhya-ohl-v-u-131353,Раскупили,,ВАХАВЯК ПЛЮС
116965,"Стейк Мясники Топ-блейд без кости охлажденный, ~400г",https://online.metro-cc.ru/products/stej-top-blejd-bez-kosti-myasniki,Раскупили,,МЯСНИКИ
104153,Баранина Эколь Халяль для плова охлажденная,https://online.metro-cc.ru/products/dlya-plova-halyal,Раскупили,,ЭКОЛЬ
131588,Вырезка говяжья Диета18 охлажденная,https://online.metro-cc.ru/products/vyrezka-govyazhya-dieta-18-ohl-v-u,Раскупили,,ДИЕТА18
222434,"METRO Chef Азу из фермерской телятины охлажденное, 600г",https://online.metro-cc.ru/products/600g-azu-metro-chef-iz-fermerskoy-telyatiny-ohl-gaz,Раскупили,,METRO CHEF
113951,"Грудинка Мясники для запекания без кости ТУ охлажденная, ~4кг",https://online.metro-cc.ru/products/grudinka-dlya-zapekaniya-myasniki-b-k-tu-ohl,Раскупили,,МЯСНИКИ
128482,Окорок свиной без кости для производства охлажденный,https://online.metro-cc.ru/products/okorok-svinoj-b-k-d-proizvodstva-ohl-v-u,Раскупили,,БУТЧЕР
118132,Лопатка баранины Мясо есть! Халяль на кости охлажденная,https://online.metro-cc.ru/products/lopatka-myaso-est-halyal-na-kosti,Раскупили,,МЯСО ЕСТЬ!
104153,Баранина Эколь Халяль для плова охлажденная,https://online.metro-cc.ru/products/dlya-plova-halyal,Раскупили,,ЭКОЛЬ
131588,Вырезка говяжья Диета18 охлажденная,https://online.metro-cc.ru/products/vyrezka-govyazhya-dieta-18-ohl-v-u,Раскупили,,ДИЕТА18
222434,"METRO Chef Азу из фермерской телятины охлажденное, 600г",https://online.metro-cc.ru/products/600g-azu-metro-chef-iz-fermerskoy-telyatiny-ohl-gaz,Раскупили,,METRO CHEF
113951,"Грудинка Мясники для запекания без кости ТУ охлажденная, ~4кг",https://online.metro-cc.ru/products/grudinka-dlya-zapekaniya-myasniki-b-k-tu-ohl,Раскупили,,МЯСНИКИ
126947,Отруб поясничный без кожи Primebeef Prime охлажденный в вакуумной упаковке,https://online.metro-cc.ru/products/otrub-poyasnichnyj-bez-kozhi-primebeef-prime-ohlazhdennyj-v-vakuumnoj-upakovke,Раскупили,,PRIMEBEEF
132957,Корейка ягненка Мяско Халяль на кости охлажденная,https://online.metro-cc.ru/products/korejka-yagnena-na-kosti-ohlazhdennaya,Раскупили,,МЯСКО
118123,"Ребра Мясо есть! бараньи халяль охлажденные, 400г",https://online.metro-cc.ru/products/400g-rebra-myaso-est-halyal-ohl-lotok,Раскупили,,МЯСО ЕСТЬ!
484444,Говядина толстый край Rioplatense зерновой откорм охлажденная,https://online.metro-cc.ru/products/rioplatense-tolstyj-kraj,Раскупили,,RIOPLATENSE
128478,Карбонад Люкс из свинины для производства охлажденный,https://online.metro-cc.ru/products/karbonad-lyuks-iz-d-proizvodstva-ohl-v-u,Раскупили,,БУТЧЕР
110706,Филе Мясники из подлопаточного отруба без кости охлажденное,https://online.metro-cc.ru/products/filej-podlopatochnogo-otruba-bez-kosti-ohlazhdennyj-myasniki-v-vakuumnoj-upakovke,Раскупили,,МЯСНИКИ
8752,"Стейк Мясо есть! Стриплойн Skin говяжий, 400г",https://online.metro-cc.ru/products/stejk-govyazhij-striplojn-skin-400g-8752,Раскупили,,МЯСО ЕСТЬ!
109791,Тушка кролика в маринаде КРОЛИК НЕЖИН охлажденная в вакуумной упаковке,https://online.metro-cc.ru/products/tushka-krolika-v-marinade-krolik-nezhin-ohlazhdennaya-v-vakuumnoj-upakovke,Раскупили,,КРОЛИК НЕЖИН
132947,Вырезка ягненка Мяско Халяль охлажденная,https://online.metro-cc.ru/products/vyrezka-yagnenka-ohlazhdennaya,Раскупили,,МЯСКО
132160,METRO Chef Азу телятина фермерская охлажденная,https://online.metro-cc.ru/products/azu-telyatina-fermerskaya-metro-chef-ohl-gaz,Раскупили,,METRO CHEF
127763,Край толстый говяжий зерновой откорм Уругвай охлажденный,https://online.metro-cc.ru/products/tolstyj-kraj-govyazhij-zern-otkorm-urugvaj-ohl-v-u,Раскупили,,Без бренда
110725,Отруб грудной без кожи охлажденный МЯСНИКИ в вакуумеой упаковке,https://online.metro-cc.ru/products/otrub-grudnoj-bez-kozhi-ohlazhdennyj-myasniki-v-vakuumeoj-upakovke,Раскупили,,МЯСНИКИ
106343,Стейк минутка из говядины Заречное охлажденный 400 г,https://online.metro-cc.ru/products/stejk-minutka-iz-zarechnoe-400-g,Раскупили,,ЗАРЕЧНОЕ
127767,Блейд говяжий зерновой откорм Уругвай охлажденный,https://online.metro-cc.ru/products/blejd-govyazhij-zern-otkorm-urugvaj-ohl-v-u,Раскупили,,Без бренда
98008,"Тушка Кролъ и К кролика в маринаде охлажденная, ~1.2кг",https://online.metro-cc.ru/products/tushka-k-v-marinade-1-kg,Раскупили,,КРОЛЪ И К
132967,Край тонкий говяжий Мяско Халяль без кости охлажденный,https://online.metro-cc.ru/products/kray-tonkiy-govyazhiy-myasko-bez-kosti-ohlazhdennyy,Раскупили,,МЯСКО
561846,"Шницель Мираторг из говядины, 430г",https://online.metro-cc.ru/products/shnicel-iz-miratorg-430g,Раскупили,,МИРАТОРГ
575422,Край толстый Заречное говяжий,https://online.metro-cc.ru/products/tolstyj-kraj-govyazhij-vakuumnaya-upakovka-zarechnoe,Раскупили,,ЗАРЕЧНОЕ
621637,Блейд Tacuarembo говяжий охлажденный Уругвай,https://online.metro-cc.ru/products/tacuarembo-top-blejd,Раскупили,,TACUAREMBO
621640,Пиканья Tacuarembo говяжья охлажденная Уругвай,https://online.metro-cc.ru/products/tacuarembo-pikanya,Раскупили,,TACUAREMBO
637639,"Часть бедра внешняя Мираторг из телятины охлажденная, ~3.3кг",https://online.metro-cc.ru/products/vneshnyaya-chast-bedra-iz-vakuumnaya-upakovka-miratorg,Раскупили,,МИРАТОРГ
104580,Шейка из фермерской телятины без кости охлажденная,https://online.metro-cc.ru/products/shejka-bez-kosti-iz-fermerskoj,Раскупили,,Без бренда
104586,Мякоть бедра из фермерской телятины охлажденная,https://online.metro-cc.ru/products/myakot-bedra-iz-fermerskoj,Раскупили,,Без бренда
104591,Филейный край телячий из фермерской телятины,https://online.metro-cc.ru/products/filejnyj-kraj-iz-fermerskoj,Раскупили,,Без бренда
588421,Толстый край ЗАРЕЧНОЕ Экстра TOP CHOICE,https://online.metro-cc.ru/products/tolstyj-kraj-zarechnoe-ekstra-top-choice,Раскупили,,ЗАРЕЧНОЕ
381810,Шейка свиная Мираторг без кости охлажденная,https://online.metro-cc.ru/products/shejka-bez-kozhi-podlozhka-miratorg,Раскупили,,МИРАТОРГ
562532,Окорок ТАМБОВСКИЙ БЕКОН свиной охлажденный,https://online.metro-cc.ru/products/okorok-tambovskij-bekon-svinoj,Раскупили,,ТАМБОВСКИЙ БЕКОН
568962,Свиная вырезка охлажденная в/у,https://online.metro-cc.ru/products/svinaya-vyrezka-ohlazhdennaya-vakuumnaya-upakovka,Раскупили,,Без бренда
562529,Лопатка Тамбовский бекон свиная без кости охлажденная,https://online.metro-cc.ru/products/lopatka-bez-kosti-tambovskij-bekon-v-u,Раскупили,,ТАМБОВСКИЙ БЕКОН
101556,Отруб тазобедренный Любослава свиной охлажденный,https://online.metro-cc.ru/products/otrub-svinoj-tazobedrennyj-ohlazhdennyj-rm-v-vakuumnoj-upakovke,Раскупили,,ЛЮБОСЛАВА
611126,"Край тонкий Заречное Экстра Choice говяжий, ~1.2кг",https://online.metro-cc.ru/products/tonkij-kraj-ekstra-choice-vakuumnaya-upakovka-zarechnoe,Раскупили,,ЗАРЕЧНОЕ
545844,Грудинка свиная на кости КАМСКИЙ БЕКОН охлажденная в вакуумной упаковке,https://online.metro-cc.ru/products/grudinka-na-kosti-kamskij-bekon-v-vakuumnoj-upakovke,Раскупили,,КАМСКИЙ БЕКОН
110727,"Стейк Мясники Вегас стрип без кости охлажденный, ~1.6кг",https://online.metro-cc.ru/products/stejk-vegas-strip-bez-kosti-myasniki-ohlazhdennyj-v-vakuumnoj-upakovke,Раскупили,,МЯСНИКИ
78746,Голяшка Мираторг Фермерский бычок говяжья охлажденная,https://online.metro-cc.ru/products/golyashka-govyazhya-fermerskij-bychok-miratorg-78746,Раскупили,,МИРАТОРГ
211869,"Мякоть лопатки Филье Проперти свинина охлажденная, ~1кг",https://online.metro-cc.ru/products/1kg-myakot-file-properti-lopatki-svinina-ohl-vu,Раскупили,,ФИЛЬЕ ПРОПЕРТИ
212540,"Часть внешняя говяжья Orenbeef охлажденная зернового откорма, ~3.9кг",https://online.metro-cc.ru/products/39kg-vnesh-chast-gov-orenbeef-ohl-zernov-otkorm,Раскупили,,ORENBEEF
78740,Оковалок Мираторг Фермерский бычок говяжий охлажденный,https://online.metro-cc.ru/products/okovalok-govyazhij-miratorg-fermerskij-bychok,Раскупили,,МИРАТОРГ
110723,"Отруб спинной Мясники без кожи охлажденный, ~3.9кг",https://online.metro-cc.ru/products/otrub-spinnoj-bez-kozhi-myasniki-ohlazhdennyj-v-vakuumnoj-upakovke,Раскупили,,МЯСНИКИ
212517,"Часть внутренняя говяжья Orenbeef тазобедренного отруба охлажденный зернового откорма, ~1.8кг",https://online.metro-cc.ru/products/18kg-vnutr-chast-tbo-gov-orenbeef-ohl-zern-otkorm,Раскупили,,ORENBEEF
134806,Диафрагма тонкая зерновой откорм Аргентина охлажденная,https://online.metro-cc.ru/products/tonkaya-diafragma-ohl-vu-zernovoy-otkorm-argentina,Раскупили,,Без бренда
126935,Фленк стейк говяжий зерновой откорм Уругвай охлажденный в вакууме,https://online.metro-cc.ru/products/flenk-stejk-govyazhij-zernovoj-otkorm-urugvaj-ohlazhdennyj-v-vakuume,Раскупили,,Без бренда
205770,"Ребра Мираторг Экстра говяжьи Black Angus охлажденные, ~1кг",https://online.metro-cc.ru/products/1kg-rebra-miratorg-ekstra-black-angus-ohl-vu,Раскупили,,МИРАТОРГ
140275,"Блейд говяжий зерновой откорм Аргентина охлажденный, ~1кг",https://online.metro-cc.ru/products/1kg-bleyd-govyazhiy-ohl-vu-zernovoy-otkorm-argentina,Раскупили,,Без бренда
218366,"Лопатка Филье Проперти говяжья на кости охлажденная, 800г",https://online.metro-cc.ru/products/800g-lopatka-govyazhya-file-properti-na-kosti-ohl-vu,Раскупили,,ФИЛЬЕ ПРОПЕРТИ
117204,Стейк фермерский барбекю из шеи свининины Филье Проперти,https://online.metro-cc.ru/products/stejk-fermerskij-barbekyu-iz-shei-filye-properti,Раскупили,,ФИЛЬЕ ПРОПЕРТИ
590569,Блейд говяжий Rioplatense зерновой откорм охлажденный Аргентина,https://online.metro-cc.ru/products/pashina-gov-v-u,Раскупили,,RIOPLATENSE
128485,Шейка свиная Бутчер классическая для производства охлажденная,https://online.metro-cc.ru/products/shejka-klassicheskaya-d-proizvodstva-ohl-v-u,Раскупили,,БУТЧЕР
78737,Часть бедра Мираторг Фермерский бычок говяжья внутренняя охлажденная,https://online.metro-cc.ru/products/chast-vnutrennyaya-bedra-fermerskij-bychok-miratorg-78737,Раскупили,,МИРАТОРГ
639920,Филе кролика Кролик Нежин охлажденное,https://online.metro-cc.ru/products/file-nezhin,Раскупили,,КРОЛИК НЕЖИН
104155,Котлета натуральная баранья Эколь Халяль охлажденная,https://online.metro-cc.ru/products/kotlety-baranyi-naturalnye-halyal-ohlazhdennye-vakuumnaya-upakovka-ekol,Раскупили,,ЭКОЛЬ
109792,Окорочка кролика в маринаде КРОЛИК НЕЖИН охлажденная в вакуумной упаковке,https://online.metro-cc.ru/products/okorochka-krolika-v-marinade-krolik-nezhin-ohlazhdennaya-v-vakuumnoj-upakovke,Раскупили,,КРОЛИК НЕЖИН
216650,"Корейка свиная без кости охлажденная, ~1кг",https://online.metro-cc.ru/products/1kg-koreyka-svinaya-bk-ohl-vu,Раскупили,,Без бренда
110715,Стейк мясника без кости охлажденный МЯСНИКИ в вакуумной упаковке,https://online.metro-cc.ru/products/stejk-myasnika-bez-kosti-ohlazhdennyj-myasniki-v-vakuumnoj-upakovke,Раскупили,,МЯСНИКИ
203684,"Рибай говяжий Мираторг кусок охлажденный, ~5кг",https://online.metro-cc.ru/products/5kg-ribay-govyazhiy-kusok-ohl-vu,Раскупили,,МИРАТОРГ
214315,"Баранина Эколь Халяль тазобедренная часть на кости охлажденная, ~1.3кг",https://online.metro-cc.ru/products/tazobedrennaya-chast-halyal-na-kosti-vakuumnaya-upakovka-ekol,Раскупили,,ЭКОЛЬ
662783,"Лопатка баранья Эколь Халяль без кости охлажденная, ~400г",https://online.metro-cc.ru/products/art_662783,Раскупили,,ЭКОЛЬ
123297,Лопатка свиная СЛОВО МЯСНИКА в маринаде охлажденная,https://online.metro-cc.ru/products/lopatka-v-marinade-tf-slovo-myasnika-ohl-paket-dlya-zap,Раскупили,,СЛОВО МЯСНИКА
130205,"Гуляш из говядины Мясо есть! охлажденный, 350г",https://online.metro-cc.ru/products/gulyash-iz-ohlazhdennyj-350g,Раскупили,,МЯСО ЕСТЬ!
598445,Тушка кролика охлажденная,https://online.metro-cc.ru/products/tushka-vakuumnaya-upakovka-598445,Раскупили,,Без бренда
628361,Корейка на кости из телятины МИРАТОРГ,https://online.metro-cc.ru/products/korejka-na-kosti-iz-miratorg,Раскупили,,МИРАТОРГ
127762,Вырезка говяжья без цепочки зерновой откорм Уругвай охлажденная,https://online.metro-cc.ru/products/vyrezka-govyazhya-bez-cepochki-zern-otkorm-urugvaj-ohl-v-u,Раскупили,,Без бренда
621632,Край толстый Tacuarembo говяжий охлажденный Уругвай,https://online.metro-cc.ru/products/tacuarembo-tolstyj-kraj,Раскупили,,TACUAREMBO
216648,"Окорок свиной без кости охлажденный, ~1кг",https://online.metro-cc.ru/products/1kg-okorok-svinoy-bk-ohl-vu,Раскупили,,Без бренда
662245,"Стейк МИРАТОРГ Стриплойн говяжий скин охлажденный, 500г",https://online.metro-cc.ru/products/stejk-miratorg-striplojn-govyazhij-skin-500g,Раскупили,,МИРАТОРГ
110714,Вырезка говяжья без кости охлажденная МЯСНИКИ в вакуумной упаковке,https://online.metro-cc.ru/products/vyrezka-govyazhya-bez-kosti-myasniki-v-vakuumnoj-upakovke,Раскупили,,МЯСНИКИ
126934,Пиканья говяжья зерновой откорм Уругвай охлажденная в вакууме,https://online.metro-cc.ru/products/pikanya-govyazhya-zernovoj-otkorm-urugvaj-ohlazhdennaya-v-vakuume,Раскупили,,Без бренда
203680,"Топ блейд говяжий Мираторг кусок охлажденный, ~2кг",https://online.metro-cc.ru/products/2kg-top-bleyd-govyazhiy-kusok-ohl-vu,Раскупили,,МИРАТОРГ
131578,"Стейк РМ Денвер говяжий охлажденный, 300г",https://online.metro-cc.ru/products/300g-stejk-denver-gov-rm-ohl-tfu,Раскупили,,РМ
205792,"Пиканья Мираторг говяжья Black Angus охлажденная, ~2кг",https://online.metro-cc.ru/products/2kg-pikanya-miratorg-govyazhya-black-angus-ohl-vu,Раскупили,,МИРАТОРГ
130140,Отруб поясничный говяжий РМ охлажденный,https://online.metro-cc.ru/products/otrub-poyasnichnyj-select-govyazhij-rm-ohlazhdennyj,Раскупили,,РМ
80216,"Корейка Атяшево свиная без кости охлажденная, ~10кг",https://online.metro-cc.ru/products/korejka-mpk-atyashevskij-vakuumnaya-upakovka-bez-kosti,Раскупили,,АТЯШЕВО
114436,Карбонад свиной охлажденный,https://online.metro-cc.ru/products/karbonad-svinoj-d-proizvodstva-ohl-v-u,Раскупили,,Без бренда
635074,"Окорок Атяшево свиной охлажденный, ~9кг",https://online.metro-cc.ru/products/okorok-svinoj-v-vakuumnoj-upakovke-atyashevo,Раскупили,,АТЯШЕВО
568960,Шейка свиная без кости охлажденная вакуумная упаковка ЗМК,https://online.metro-cc.ru/products/shejka-bez-kosti-vakuumnaya-upakovka-zmk,Раскупили,,Без бренда
381864,Карбонад Мираторг свиной без кости охлажденный,https://online.metro-cc.ru/products/karbonad-svinoj-bez-kozhi-podlozhka-miratorg,Раскупили,,МИРАТОРГ
375968,Окорок свиной охлажденный,https://online.metro-cc.ru/products/okorok-svinoj-vakuumnaya-upakovka,Раскупили,,Без бренда
568958,Лопатка свиная без рульки вакуумная упаковка,https://online.metro-cc.ru/products/art_568958,Раскупили,,Без бренда
562525,Шейка свиная Тамбовский бекон охлажденная,https://online.metro-cc.ru/products/shejka-tambovskij-bekon-vakuumnaya-upakovka,Раскупили,,ТАМБОВСКИЙ БЕКОН
96160,Шейка свиная Ближние Горки охлажденная в вакуумной упаковке,https://online.metro-cc.ru/products/shejka-blizhnie-gorki-v-vakuumnoj-upakovke-1-kg,Раскупили,,БЛИЖНИЕ ГОРКИ
128471,Шейка свиная Бутчер Люкс охлажденная,https://online.metro-cc.ru/products/shejka-lyuks-ohl-v-u,Раскупили,,БУТЧЕР
562526,Карбонад Тамбовский бекон свиной без кости охлажденный,https://online.metro-cc.ru/products/korejka-bez-kosti-tambovskij-bekon-v-u,Раскупили,,ТАМБОВСКИЙ БЕКОН
635079,"Вырезка Атяшево свиная охлажденная, ~6кг",https://online.metro-cc.ru/products/vyrezka-vakuumnaya-upakovka-atyashevo,Раскупили,,АТЯШЕВО
36604,"Край толстый Tacuarembo говяжий 1/2 зерновой откорм охлажденный Уругвай, ~2-2.5кг",https://online.metro-cc.ru/products/tolstyj-kraj-govyazhij-1-2-vakuumnaya-upakovka-zernovoj-otkorm-tacuarembo-36604,Раскупили,,TACUAREMBO
79767,Медальоны Мираторг из говяжей вырезки охлажденные 340г,https://online.metro-cc.ru/products/medalony-iz-vyrezki-govyazhyej-miratorg-340-g-79767,Раскупили,,МИРАТОРГ
518933,Шея говяжья Заречное охлажденная,https://online.metro-cc.ru/products/sheya-govyazhya-zarechnoe,Раскупили,,ЗАРЕЧНОЕ
530543,Толстый край говяжий МИРАТОРГ PRIME,https://online.metro-cc.ru/products/tolstyj-kraj-govyazhij-miratorg-prime,Раскупили,,МИРАТОРГ
610843,Край тонкий Мираторг Prime говяжий крупный кусок,https://online.metro-cc.ru/products/tonkij-kraj-krupnyj-kusok-prime-vakuumnaya-upakovka-miratorg,Раскупили,,МИРАТОРГ
621635,Диафрагма тонкая Tacuarembo говяжья охлажденная Уругвай,https://online.metro-cc.ru/products/tacuarembo-tonkaya-diafragma-vakuumnaya-upakovka-zernovoj-otkorm-urugvaj,Раскупили,,TACUAREMBO
628356,Ребра МИРАТОРГ из телятины вакуумная упаковка,https://online.metro-cc.ru/products/rebra-miratorg-iz-vakuumnaya-upakovka,Раскупили,,МИРАТОРГ
637634,Шея телячья Мираторг охлажденная,https://online.metro-cc.ru/products/sheya-telyachya-vakuumnaya-upakovka,Раскупили,,МИРАТОРГ
662590,Толстый край РМ Говяжий охлажденный в вакуумной упаковке,https://online.metro-cc.ru/products/tolstyj-kraj-rm-govyazhij-v-vakuumnoj-upakovke,Раскупили,,РМ
104573,Азу из фермерской телятины охлажденное,https://online.metro-cc.ru/products/azu-iz-fermerskoj,Раскупили,,Без бренда
104590,Лопатка из фермерской телятины без кости охлажденная,https://online.metro-cc.ru/products/lopatka-bez-kosti-iz-fermerskoj,Раскупили,,Без бренда
104570,Шницель из фермерской телятины охлажденный,https://online.metro-cc.ru/products/shnicel-iz-fermerskoj,Раскупили,,Без бренда
100867,Часть нижняя костреца бавет Primebeef охлажденная в вакуумной упаковке,https://online.metro-cc.ru/products/chast-nizhnyaya-kostreca-bavet-primebeef-v-vakuumnoj-upakovke,Раскупили,,PRIMEBEEF
